Registration_Number,Software_engineering_principle,OOP_concept,DSA,ADSA,ML,AI,image_processing,QA_testing,signal_and_system,analog_electronics,embeded_system,software_architecture,data_base,digital_logic_design,information_security,devops,operating_system_and_networking,control_system,digital_system_design_with_HDL,computer_network,GUI,Primary_Specialization,Secondary_Specialization
EG/2021/4499,70.0,71,77,72,58,73.0,61.0,71,86,72,65,86,63,81.0,66,72,71.0,71,69,81,79.0,Embedded_Systems,Software_Development
EG/2021/4500,61.0,80,65,72,68,73.0,70.0,63,65,77,66,63,71,72.0,69,67,65.0,74,72,72,63.0,Embedded_Systems,AI_ML
EG/2021/4501,76.0,80,78,74,70,78.0,68.0,71,72,82,76,74,79,74.0,76,77,68.0,75,75,74,82.0,Software_Development,Embedded_Systems
EG/2021/4502,85.0,77,91,75,81,94.0,80.0,92,74,94,86,83,90,89.0,84,84,74.0,88,92,83,85.0,Embedded_Systems,AI_ML
EG/2021/4503,62.0,69,67,73,62,68.0,65.0,61,68,71,70,60,59,77.0,73,70,65.0,73,79,73,56.0,Embedded_Systems,Cyber_Security
EG/2021/4504,70.0,54,70,59,77,56.0,65.0,71,66,72,64,52,57,73.0,59,60,58.0,71,66,67,73.0,Embedded_Systems,AI_ML
EG/2021/4505,94.0,95,86,87,100,69.0,77.0,87,76,82,91,87,87,81.0,89,96,93.0,84,85,94,78.0,Cyber_Security,Software_Development
EG/2021/4506,78.0,74,69,80,79,78.0,78.0,74,80,76,76,68,78,59.0,87,82,75.0,76,85,60,73.0,AI_ML,Embedded_Systems
EG/2021/4507,73.0,62,70,64,59,61.0,69.0,67,59,55,75,62,61,64.0,57,56,65.0,69,72,63,61.0,Embedded_Systems,Software_Development
EG/2021/4508,67.0,84,70,82,66,68.0,67.0,69,93,73,75,89,72,80.0,72,86,84.0,81,68,63,82.0,Embedded_Systems,Software_Development
EG/2021/4509,61.0,53,56,66,66,51.0,71.0,67,58,67,79,59,74,55.0,79,64,52.0,62,59,62,59.0,Cyber_Security,Embedded_Systems
EG/2021/4510,57.0,53,61,56,75,57.0,51.0,64,59,63,65,64,65,62.0,66,57,57.0,62,67,67,56.0,Cyber_Security,Embedded_Systems
EG/2021/4511,58.0,67,65,86,69,70.0,86.0,67,65,80,69,77,85,69.0,67,79,72.0,73,70,83,72.0,AI_ML,Cyber_Security
EG/2021/4512,44.0,52,42,46,28,50.0,42.0,49,54,37,39,47,54,46.0,51,49,47.0,55,38,38,44.0,Software_Development,Cyber_Security
EG/2021/4513,46.0,37,50,46,52,49.0,48.0,51,45,51,37,49,59,43.0,43,35,55.0,55,51,44,44.0,AI_ML,Cyber_Security
EG/2021/4514,72.0,41,64,68,68,73.0,48.0,69,56,53,54,59,54,70.0,50,58,67.0,66,66,61,63.0,AI_ML,Software_Development
EG/2021/4515,60.0,53,50,58,45,49.0,55.0,63,61,57,50,54,60,57.0,65,58,57.0,48,54,49,47.0,Cyber_Security,Software_Development
EG/2021/4516,65.0,76,68,75,73,78.0,73.0,75,62,77,75,65,69,66.0,64,57,74.0,70,72,79,60.0,AI_ML,Cyber_Security
EG/2021/4517,70.0,66,65,75,60,57.0,57.0,49,61,56,53,63,45,64.0,74,58,59.0,56,53,57,72.0,Cyber_Security,Software_Development
EG/2021/4518,60.0,48,55,49,51,56.0,47.0,68,64,55,52,39,62,42.0,48,52,41.0,61,43,52,52.0,Software_Development,Embedded_Systems
EG/2021/4519,90.0,83,100,83,80,83.0,79.0,76,90,79,95,92,84,95.0,100,77,84.0,84,82,90,87.0,Cyber_Security,Embedded_Systems
EG/2021/4520,64.0,73,74,66,72,73.0,73.0,72,70,54,65,55,58,72.0,56,67,67.0,74,66,65,60.0,AI_ML,Embedded_Systems
EG/2021/4521,62.0,56,77,76,66,71.0,69.0,72,75,73,83,76,66,79.0,76,69,72.0,65,58,63,75.0,Embedded_Systems,Cyber_Security
EG/2021/4522,48.0,48,41,40,41,46.0,62.0,43,63,63,43,48,45,50.0,54,43,44.0,47,48,50,47.0,Embedded_Systems,AI_ML
EG/2021/4523,69.0,63,67,48,47,61.0,58.0,61,70,54,60,53,57,58.0,67,68,53.0,65,62,55,42.0,Embedded_Systems,Software_Development
EG/2021/4524,83.0,72,69,65,78,68.0,66.0,69,72,78,66,73,68,70.0,76,75,68.0,80,78,70,65.0,Embedded_Systems,Cyber_Security
EG/2021/4525,65.0,51,50,43,59,58.0,60.0,63,61,54,61,61,66,54.0,51,52,68.0,53,52,61,52.0,Cyber_Security,AI_ML
EG/2021/4526,69.0,73,74,70,73,64.0,61.0,68,66,63,57,69,68,68.0,63,71,67.0,55,64,64,71.0,Software_Development,AI_ML
EG/2021/4527,53.0,43,67,64,58,61.0,52.0,59,66,53,51,66,72,57.0,60,66,69.0,50,59,50,59.0,Software_Development,Cyber_Security
EG/2021/4528,65.0,60,68,58,61,67.0,72.0,48,57,65,64,49,70,62.0,66,63,76.0,67,61,65,60.0,Cyber_Security,AI_ML
EG/2021/4529,48.0,64,55,51,53,61.0,53.0,73,58,58,72,52,64,53.0,57,47,61.0,50,65,55,56.0,Embedded_Systems,Cyber_Security
EG/2021/4530,92.0,83,95,91,87,100.0,77.0,83,69,81,92,99,95,95.0,92,94,85.0,84,88,90,88.0,Software_Development,Cyber_Security
EG/2021/4531,67.0,68,63,74,53,73.0,81.0,70,71,56,58,66,68,67.0,70,62,71.0,68,49,70,56.0,Cyber_Security,AI_ML
EG/2021/4532,52.0,58,57,43,50,55.0,46.0,55,51,49,47,42,64,53.0,49,53,57.0,38,81,40,42.0,Embedded_Systems,Software_Development
EG/2021/4533,67.0,75,76,84,76,79.0,79.0,77,86,79,90,73,82,70.0,81,88,72.0,75,79,83,79.0,Embedded_Systems,Cyber_Security
EG/2021/4534,57.0,55,52,59,58,55.0,54.0,59,56,53,49,47,42,45.0,51,52,49.0,45,54,45,54.0,AI_ML,Software_Development
EG/2021/4535,67.0,64,76,77,70,73.0,51.0,82,78,67,64,69,73,84.0,66,71,74.0,60,60,70,77.0,Software_Development,Cyber_Security
EG/2021/4536,36.0,43,37,53,50,32.0,43.0,46,37,46,55,42,50,40.0,50,48,51.0,39,34,40,43.0,Cyber_Security,Software_Development
EG/2021/4537,32.0,56,66,67,62,50.0,55.0,57,59,59,59,53,50,56.0,47,56,50.0,45,51,48,44.0,AI_ML,Embedded_Systems
EG/2021/4538,70.0,71,58,68,78,60.0,73.0,73,85,73,79,70,71,72.0,67,64,70.0,74,73,82,57.0,Embedded_Systems,Cyber_Security
EG/2021/4539,89.0,73,73,78,80,86.0,83.0,84,82,76,70,86,73,57.0,77,76,82.0,85,82,79,71.0,AI_ML,Cyber_Security
EG/2021/4540,82.0,72,73,67,70,70.0,67.0,67,76,77,59,73,60,83.0,80,70,69.0,68,72,76,73.0,Cyber_Security,Embedded_Systems
EG/2021/4541,63.0,72,71,67,60,65.0,72.0,74,68,60,68,70,56,71.0,68,69,65.0,62,58,68,77.0,Software_Development,Cyber_Security
EG/2021/4542,60.0,50,64,75,70,71.0,60.0,72,61,63,67,73,54,59.0,68,66,59.0,61,47,69,65.0,AI_ML,Cyber_Security
EG/2021/4543,54.0,58,50,41,62,53.0,40.0,58,56,49,53,48,55,50.0,48,68,45.0,43,50,53,42.0,Software_Development,AI_ML
EG/2021/4544,52.0,57,62,53,62,51.0,50.0,55,49,51,70,51,42,51.0,59,51,78.0,50,56,61,53.0,Cyber_Security,Embedded_Systems
EG/2021/4545,65.0,65,61,72,76,62.0,52.0,61,60,60,50,71,58,75.0,62,69,61.0,51,54,70,57.0,Cyber_Security,Software_Development
EG/2021/4546,86.0,89,90,88,70,78.0,88.0,82,68,66,87,82,75,74.0,83,89,90.0,71,86,82,78.0,Cyber_Security,Software_Development
EG/2021/4547,81.0,63,78,70,64,60.0,62.0,63,67,86,64,73,70,68.0,70,76,84.0,84,61,88,80.0,Cyber_Security,Software_Development
EG/2021/4548,46.0,42,53,53,53,42.0,49.0,58,51,40,53,42,34,42.0,56,42,46.0,42,51,54,55.0,Cyber_Security,AI_ML
EG/2021/4549,70.0,70,65,74,74,71.0,70.0,72,75,83,69,68,75,72.0,69,84,74.0,51,62,64,71.0,Software_Development,AI_ML
EG/2021/4550,57.0,58,63,74,73,63.0,63.0,65,64,64,58,69,54,73.0,51,48,64.0,59,64,62,65.0,AI_ML,Embedded_Systems
EG/2021/4551,54.0,72,58,60,60,50.0,69.0,56,61,64,56,67,68,72.0,79,55,49.0,49,66,63,54.0,Cyber_Security,Embedded_Systems
EG/2021/4552,74.0,69,68,83,69,83.0,72.0,66,62,72,65,81,71,73.0,73,84,64.0,76,73,76,63.0,AI_ML,Software_Development
EG/2021/4553,83.0,76,83,99,79,80.0,85.0,76,78,82,81,86,80,83.0,90,78,81.0,80,92,85,93.0,Cyber_Security,Software_Development
EG/2021/4554,86.0,81,75,83,68,79.0,79.0,81,74,84,74,83,79,80.0,89,90,76.0,80,93,85,63.0,Cyber_Security,Embedded_Systems
EG/2021/4555,52.0,50,63,58,50,61.0,57.0,63,53,63,63,59,60,51.0,65,47,71.0,58,60,48,45.0,Cyber_Security,Embedded_Systems
EG/2021/4556,75.0,62,57,69,71,59.0,80.0,65,68,70,69,63,65,81.0,63,57,63.0,62,68,73,77.0,AI_ML,Embedded_Systems
EG/2021/4557,70.0,74,84,69,78,75.0,62.0,74,66,69,84,80,69,82.0,74,68,86.0,62,79,68,72.0,Cyber_Security,Embedded_Systems
EG/2021/4558,80.0,77,73,96,82,77.0,89.0,77,75,76,82,77,82,81.0,71,83,76.0,79,84,76,72.0,AI_ML,Software_Development
EG/2021/4559,57.0,62,64,64,50,56.0,67.0,66,48,51,66,65,66,73.0,76,61,76.0,69,65,58,67.0,Cyber_Security,Software_Development
EG/2021/4560,49.0,62,71,64,63,70.0,62.0,76,64,69,76,60,60,74.0,60,62,69.0,78,62,71,71.0,Embedded_Systems,Cyber_Security
EG/2021/4561,61.0,44,51,49,46,65.0,66.0,60,47,62,50,50,58,55.0,53,65,59.0,53,43,53,45.0,AI_ML,Cyber_Security
EG/2021/4562,59.0,56,60,61,62,59.0,41.0,59,54,65,43,52,62,56.0,54,64,50.0,53,44,49,50.0,Software_Development,AI_ML
EG/2021/4563,76.0,90,69,84,74,84.0,74.0,80,71,80,79,72,83,88.0,77,75,82.0,81,94,75,84.0,Embedded_Systems,Software_Development
EG/2021/4564,85.0,84,94,81,77,81.0,76.0,74,85,79,74,90,91,78.0,80,72,96.0,95,87,72,79.0,Software_Development,Embedded_Systems
EG/2021/4565,71.0,69,67,71,67,56.0,70.0,60,66,55,84,58,68,79.0,77,52,66.0,64,65,61,69.0,Embedded_Systems,Cyber_Security
EG/2021/4566,69.0,85,76,69,76,90.0,72.0,83,92,87,90,81,73,78.0,87,82,78.0,85,89,71,90.0,Embedded_Systems,AI_ML
EG/2021/4567,69.0,63,70,74,83,87.0,75.0,72,76,60,87,73,67,83.0,75,77,71.0,67,67,70,56.0,AI_ML,Embedded_Systems
EG/2021/4568,66.0,72,66,63,55,71.0,59.0,63,47,58,61,48,62,60.0,57,61,72.0,63,64,65,58.0,Cyber_Security,Software_Development
EG/2021/4569,64.0,74,68,84,63,70.0,69.0,84,63,71,76,69,79,75.0,80,72,78.0,79,73,76,74.0,Cyber_Security,Software_Development
EG/2021/4570,89.0,98,81,81,71,78.0,89.0,92,87,86,83,88,100,86.0,83,81,97.0,77,90,95,74.0,Cyber_Security,Software_Development
EG/2021/4571,58.0,62,66,59,67,60.0,66.0,76,61,68,74,71,74,64.0,79,72,70.0,64,65,75,64.0,Cyber_Security,Software_Development
EG/2021/4572,90.0,100,79,81,83,75.0,79.0,87,66,88,78,85,79,85.0,88,99,87.0,93,80,83,94.0,Software_Development,Cyber_Security
EG/2021/4573,36.0,42,49,27,27,36.0,56.0,31,46,25,25,41,31,46.0,45,25,40.0,41,31,37,32.0,Cyber_Security,AI_ML
EG/2021/4574,67.0,82,74,87,86,89.0,74.0,77,83,78,72,77,94,62.0,77,77,85.0,85,72,78,67.0,AI_ML,Cyber_Security
EG/2021/4575,77.0,71,75,80,74,68.0,54.0,63,73,53,59,69,68,60.0,70,62,67.0,75,69,54,77.0,Software_Development,AI_ML
EG/2021/4576,59.0,63,66,67,64,67.0,59.0,75,60,70,75,66,65,59.0,73,54,74.0,62,54,56,68.0,Cyber_Security,Software_Development
EG/2021/4577,63.0,78,62,78,79,79.0,60.0,75,72,65,82,76,62,62.0,84,61,72.0,84,60,68,69.0,Cyber_Security,AI_ML
EG/2021/4578,46.0,45,44,45,49,41.0,50.0,48,39,29,34,39,55,55.0,55,47,27.0,45,45,43,43.0,AI_ML,Software_Development
EG/2021/4579,73.0,52,71,65,60,80.0,68.0,74,67,60,74,62,69,74.0,72,68,72.0,44,64,69,73.0,Cyber_Security,AI_ML
EG/2021/4580,65.0,64,71,70,65,86.0,75.0,58,66,68,79,68,67,76.0,76,83,63.0,70,74,76,74.0,AI_ML,Embedded_Systems
EG/2021/4581,86.0,84,94,84,91,85.0,83.0,90,96,94,75,83,79,81.0,82,86,92.0,82,85,73,90.0,AI_ML,Software_Development
EG/2021/4582,65.0,64,69,51,65,58.0,60.0,53,51,63,59,72,64,71.0,64,49,68.0,67,79,65,57.0,Cyber_Security,Embedded_Systems
EG/2021/4583,63.0,58,65,60,59,63.0,56.0,58,67,61,54,62,59,47.0,52,57,61.0,55,59,60,45.0,AI_ML,Software_Development
EG/2021/4584,63.0,71,59,62,56,60.0,61.0,60,62,70,67,54,68,77.0,65,52,66.0,70,59,66,66.0,Embedded_Systems,Cyber_Security
EG/2021/4585,76.0,65,71,84,83,71.0,85.0,84,76,78,70,75,83,74.0,82,71,87.0,83,80,86,87.0,Cyber_Security,AI_ML
EG/2021/4586,66.0,73,68,73,67,81.0,74.0,74,73,77,71,75,70,70.0,58,76,68.0,65,79,71,70.0,AI_ML,Embedded_Systems
EG/2021/4587,62.0,49,63,61,61,70.0,65.0,71,67,66,57,55,58,59.0,62,63,67.0,61,61,70,68.0,Cyber_Security,AI_ML
EG/2021/4588,67.0,79,78,68,84,75.0,78.0,70,84,65,77,69,73,67.0,77,78,82.0,69,79,68,72.0,AI_ML,Cyber_Security
EG/2021/4589,49.0,69,54,70,65,60.0,75.0,74,71,79,68,79,65,83.0,69,67,81.0,70,72,63,69.0,Embedded_Systems,Cyber_Security
EG/2021/4590,83.0,83,80,85,69,71.0,82.0,81,73,70,76,75,79,85.0,82,85,72.0,74,78,83,92.0,Software_Development,Cyber_Security
EG/2021/4591,66.0,54,61,52,52,60.0,62.0,48,60,66,58,66,60,68.0,50,57,62.0,60,60,57,58.0,Embedded_Systems,AI_ML
EG/2021/4592,48.0,73,62,65,71,61.0,72.0,58,77,53,78,73,58,56.0,59,72,57.0,62,75,66,62.0,AI_ML,Embedded_Systems
EG/2021/4593,56.0,71,72,65,65,61.0,59.0,62,73,68,60,58,68,65.0,71,66,56.0,62,65,77,50.0,Cyber_Security,Embedded_Systems
EG/2021/4594,55.0,55,53,45,50,58.0,44.0,58,57,63,43,44,48,54.0,50,49,53.0,65,44,53,55.0,Embedded_Systems,Cyber_Security
EG/2021/4595,86.0,71,81,67,68,77.0,63.0,75,77,70,76,70,66,73.0,74,73,72.0,69,69,73,67.0,Cyber_Security,Software_Development
EG/2021/4596,71.0,75,70,73,75,81.0,72.0,63,76,69,70,64,69,63.0,67,71,79.0,58,56,65,72.0,AI_ML,Cyber_Security
EG/2021/4597,63.0,63,75,60,62,61.0,55.0,67,76,72,58,69,70,76.0,68,79,66.0,75,69,56,66.0,Embedded_Systems,Software_Development
EG/2021/4598,64.0,71,77,68,67,63.0,68.0,79,62,63,81,64,66,66.0,49,67,64.0,72,74,65,62.0,Embedded_Systems,Software_Development
EG/2021/4599,61.0,63,60,45,46,56.0,50.0,52,42,64,49,54,54,44.0,57,51,52.0,37,42,58,50.0,Cyber_Security,Software_Development
EG/2021/4600,58.0,70,55,70,57,66.0,71.0,61,63,64,60,73,69,50.0,76,61,57.0,58,64,61,63.0,AI_ML,Cyber_Security
EG/2021/4601,58.0,59,62,80,59,75.0,59.0,67,58,62,65,70,73,68.0,56,70,59.0,67,71,67,72.0,Software_Development,Embedded_Systems
EG/2021/4602,55.0,61,56,52,56,61.0,57.0,64,51,55,70,62,60,76.0,52,63,66.0,62,66,68,69.0,Embedded_Systems,Cyber_Security
EG/2021/4603,59.0,57,69,70,66,79.0,74.0,63,61,60,54,52,59,59.0,69,64,62.0,66,75,76,71.0,AI_ML,Cyber_Security
EG/2021/4604,74.0,77,78,68,74,77.0,83.0,76,90,68,75,76,71,74.0,83,65,81.0,73,60,76,82.0,Cyber_Security,AI_ML
EG/2021/4605,100.0,94,85,98,65,98.0,86.0,88,92,88,100,100,84,98.0,91,84,95.0,84,94,92,97.0,Cyber_Security,Embedded_Systems
EG/2021/4606,72.0,57,71,61,64,68.0,71.0,75,73,67,71,49,82,61.0,61,69,59.0,53,60,59,74.0,Software_Development,AI_ML
EG/2021/4607,69.0,63,57,74,68,71.0,73.0,72,63,66,62,76,85,68.0,70,81,75.0,85,64,67,81.0,Software_Development,AI_ML
EG/2021/4608,65.0,65,77,61,78,73.0,70.0,70,54,82,63,66,72,61.0,60,65,71.0,60,73,65,58.0,AI_ML,Software_Development
EG/2021/4609,34.0,43,41,44,37,56.0,43.0,40,39,38,46,39,51,52.0,40,41,48.0,46,46,39,40.0,AI_ML,Embedded_Systems
EG/2021/4610,74.0,59,68,60,69,73.0,77.0,62,78,69,77,73,69,77.0,66,55,67.0,67,73,69,62.0,Embedded_Systems,AI_ML
EG/2021/4611,68.0,71,67,74,79,68.0,55.0,75,71,73,66,81,71,70.0,62,79,62.0,75,62,82,67.0,Software_Development,Embedded_Systems
EG/2021/4612,96.0,99,100,92,88,100.0,95.0,97,100,100,100,100,86,92.0,92,100,100.0,98,100,100,100.0,Embedded_Systems,Cyber_Security
EG/2021/4613,88.0,64,46,70,68,50.0,69.0,68,71,65,56,63,65,63.0,66,71,65.0,67,71,67,58.0,Cyber_Security,Software_Development
EG/2021/4614,74.0,66,72,69,66,62.0,75.0,69,67,70,62,65,65,67.0,73,78,65.0,53,78,77,75.0,Cyber_Security,Software_Development
EG/2021/4615,62.0,75,67,67,64,72.0,77.0,74,77,71,64,69,70,61.0,58,66,71.0,62,60,62,63.0,AI_ML,Software_Development
EG/2021/4616,51.0,66,51,55,48,54.0,62.0,50,50,56,64,60,54,53.0,57,55,49.0,59,62,64,52.0,Embedded_Systems,Cyber_Security
EG/2021/4617,90.0,78,94,76,77,86.0,80.0,81,92,80,82,79,95,86.0,79,92,75.0,86,80,71,83.0,Software_Development,Embedded_Systems
EG/2021/4618,78.0,73,71,78,96,77.0,86.0,83,80,66,79,75,83,80.0,82,78,74.0,70,73,83,89.0,AI_ML,Cyber_Security
EG/2021/4619,67.0,81,83,88,83,81.0,72.0,86,65,74,79,97,79,77.0,83,82,73.0,66,82,81,73.0,Software_Development,Cyber_Security
EG/2021/4620,64.0,55,60,52,65,51.0,64.0,53,52,49,65,65,55,57.0,53,63,51.0,58,61,52,57.0,AI_ML,Software_Development
EG/2021/4621,80.0,84,94,93,88,89.0,98.0,99,72,80,81,93,97,84.0,89,89,90.0,64,79,83,77.0,AI_ML,Software_Development
EG/2021/4622,64.0,56,47,62,40,58.0,60.0,53,59,51,56,41,51,42.0,45,50,50.0,43,66,43,46.0,Embedded_Systems,AI_ML
EG/2021/4623,83.0,62,70,69,78,84.0,76.0,68,75,78,69,70,77,76.0,84,75,84.0,87,88,67,67.0,AI_ML,Embedded_Systems
EG/2021/4624,91.0,100,100,84,100,100.0,92.0,97,79,100,100,95,95,90.0,89,100,88.0,100,99,83,96.0,AI_ML,Software_Development
EG/2021/4625,65.0,57,59,58,50,58.0,45.0,53,59,52,51,49,53,47.0,59,62,44.0,60,59,61,59.0,Software_Development,Cyber_Security
EG/2021/4626,62.0,58,50,57,68,63.0,63.0,64,57,67,55,72,61,64.0,60,69,62.0,63,64,70,66.0,AI_ML,Cyber_Security
EG/2021/4627,75.0,69,65,82,74,59.0,61.0,69,59,71,73,79,55,65.0,62,73,82.0,56,58,54,64.0,Software_Development,Cyber_Security
EG/2021/4628,65.0,62,65,62,75,58.0,56.0,62,74,71,63,58,51,64.0,68,66,66.0,57,63,75,66.0,Cyber_Security,Embedded_Systems
EG/2021/4629,43.0,37,55,44,46,48.0,41.0,43,50,53,52,62,52,55.0,45,46,72.0,47,50,49,50.0,Cyber_Security,Embedded_Systems
EG/2021/4630,64.0,79,64,61,61,76.0,66.0,76,67,62,70,69,80,62.0,57,65,71.0,64,65,71,68.0,Software_Development,AI_ML
EG/2021/4631,62.0,56,35,63,53,51.0,55.0,47,52,43,48,73,58,56.0,35,61,57.0,53,53,45,47.0,Software_Development,AI_ML
EG/2021/4632,71.0,77,77,70,84,79.0,76.0,66,63,76,85,75,69,61.0,68,70,59.0,83,57,83,75.0,AI_ML,Software_Development
EG/2021/4633,54.0,64,48,57,44,57.0,53.0,60,48,53,63,61,47,68.0,67,57,60.0,53,49,58,58.0,Cyber_Security,Software_Development
EG/2021/4634,80.0,79,72,93,72,85.0,94.0,98,96,80,96,96,92,77.0,95,96,88.0,84,93,95,87.0,Cyber_Security,Software_Development
EG/2021/4635,62.0,62,39,55,59,60.0,57.0,56,55,50,55,68,55,55.0,54,67,56.0,64,71,67,61.0,Cyber_Security,AI_ML
EG/2021/4636,79.0,62,70,64,61,61.0,59.0,69,64,65,67,68,69,74.0,62,66,63.0,54,58,73,69.0,Software_Development,Cyber_Security
EG/2021/4637,70.0,84,79,78,78,75.0,79.0,85,63,88,79,77,80,76.0,75,76,77.0,72,79,73,70.0,Software_Development,AI_ML
EG/2021/4638,53.0,38,52,58,60,41.0,67.0,59,44,50,61,57,57,45.0,44,52,52.0,48,61,52,52.0,AI_ML,Software_Development
EG/2021/4639,81.0,70,80,75,67,69.0,73.0,69,75,75,79,65,71,76.0,64,77,85.0,71,67,66,74.0,Embedded_Systems,Software_Development
EG/2021/4640,83.0,79,88,82,71,80.0,81.0,76,86,83,85,85,86,89.0,91,83,81.0,81,88,90,82.0,Cyber_Security,Embedded_Systems
EG/2021/4641,52.0,52,60,49,63,45.0,38.0,33,61,40,38,41,48,44.0,52,45,50.0,47,48,51,55.0,Cyber_Security,AI_ML
EG/2021/4642,63.0,74,60,68,63,73.0,69.0,68,80,75,83,58,66,67.0,72,79,67.0,66,79,78,71.0,Embedded_Systems,Cyber_Security
EG/2021/4643,74.0,66,71,61,64,76.0,73.0,79,70,63,75,71,64,68.0,62,72,77.0,64,62,79,57.0,Cyber_Security,AI_ML
EG/2021/4644,76.0,72,66,79,85,79.0,75.0,70,81,78,73,86,61,76.0,78,73,79.0,82,70,65,83.0,AI_ML,Embedded_Systems
EG/2021/4645,60.0,52,52,66,50,60.0,41.0,58,51,51,56,60,52,40.0,37,57,51.0,51,55,63,52.0,Software_Development,Embedded_Systems
EG/2021/4646,60.0,46,50,46,52,56.0,46.0,46,67,58,42,52,63,51.0,58,59,39.0,56,53,59,40.0,Embedded_Systems,Cyber_Security
EG/2021/4647,92.0,80,79,69,78,72.0,84.0,75,82,67,82,86,79,87.0,76,67,76.0,66,74,72,72.0,AI_ML,Software_Development
EG/2021/4648,76.0,69,72,65,79,68.0,82.0,77,73,74,61,68,73,65.0,62,70,69.0,67,76,74,63.0,AI_ML,Software_Development
EG/2021/4649,73.0,51,75,76,69,73.0,65.0,66,72,65,69,58,66,67.0,82,69,71.0,69,64,70,76.0,Cyber_Security,AI_ML
EG/2021/4650,74.0,70,77,75,83,76.0,77.0,73,82,69,74,57,79,64.0,60,75,64.0,71,63,76,72.0,AI_ML,Software_Development
EG/2021/4651,57.0,53,75,59,45,70.0,52.0,57,64,34,67,52,59,64.0,64,64,70.0,65,56,57,53.0,Cyber_Security,Software_Development
EG/2021/4652,73.0,59,69,64,76,79.0,81.0,76,82,85,72,77,82,79.0,75,67,77.0,68,68,74,76.0,AI_ML,Embedded_Systems
EG/2021/4653,69.0,63,65,72,66,68.0,73.0,73,56,75,76,67,65,80.0,63,61,82.0,77,70,72,75.0,Cyber_Security,Embedded_Systems
EG/2021/4654,61.0,60,61,48,69,59.0,66.0,60,63,54,59,63,54,51.0,59,67,67.0,62,68,56,58.0,AI_ML,Cyber_Security
EG/2021/4655,100.0,100,85,91,91,95.0,78.0,100,87,83,90,100,84,94.0,79,83,95.0,90,96,92,82.0,Software_Development,Embedded_Systems
EG/2021/4656,67.0,76,84,80,69,81.0,78.0,78,86,70,74,66,63,84.0,54,76,66.0,67,77,93,68.0,Embedded_Systems,AI_ML
EG/2021/4657,62.0,49,52,45,58,60.0,54.0,49,65,59,52,57,47,57.0,46,53,67.0,59,55,49,48.0,Embedded_Systems,AI_ML
EG/2021/4658,85.0,79,72,65,82,75.0,82.0,75,76,63,64,80,77,79.0,72,77,69.0,69,73,74,81.0,AI_ML,Software_Development
EG/2021/4659,55.0,53,53,67,61,48.0,63.0,56,67,55,51,50,51,53.0,61,68,54.0,56,50,52,45.0,AI_ML,Cyber_Security
EG/2021/4660,63.0,73,82,73,70,70.0,78.0,78,90,90,79,87,50,79.0,78,99,82.0,77,69,74,77.0,Embedded_Systems,Cyber_Security
EG/2021/4661,78.0,74,81,90,79,84.0,78.0,100,82,74,80,80,89,91.0,83,70,87.0,80,77,88,80.0,Cyber_Security,Software_Development
EG/2021/4662,67.0,46,54,57,58,61.0,64.0,61,75,59,57,55,46,60.0,51,65,62.0,55,58,63,65.0,AI_ML,Embedded_Systems
EG/2021/4663,79.0,77,91,78,79,72.0,79.0,65,79,95,77,94,84,71.0,76,78,77.0,74,71,80,81.0,Software_Development,Embedded_Systems
EG/2021/4664,66.0,74,67,76,78,73.0,67.0,69,71,77,67,77,73,70.0,66,80,69.0,62,74,80,77.0,Software_Development,AI_ML
EG/2021/4665,74.0,77,78,72,64,82.0,71.0,64,84,79,74,84,93,86.0,69,85,96.0,88,77,83,74.0,Cyber_Security,Embedded_Systems
EG/2021/4666,97.0,88,95,92,93,83.0,80.0,88,88,94,89,100,98,93.0,87,100,90.0,87,88,90,82.0,Software_Development,Embedded_Systems
EG/2021/4667,69.0,58,54,62,63,73.0,61.0,51,66,62,65,61,62,66.0,66,67,64.0,64,73,54,63.0,Embedded_Systems,AI_ML
EG/2021/4668,57.0,63,62,50,53,56.0,67.0,53,69,68,62,68,54,55.0,55,53,54.0,58,42,65,64.0,Embedded_Systems,AI_ML
EG/2021/4669,55.0,48,50,60,52,66.0,59.0,47,57,55,56,54,68,66.0,55,64,59.0,65,55,59,63.0,AI_ML,Embedded_Systems
EG/2021/4670,55.0,64,64,56,57,54.0,55.0,61,46,44,51,54,48,70.0,63,59,60.0,72,42,58,55.0,Cyber_Security,Software_Development
EG/2021/4671,61.0,60,60,66,42,60.0,73.0,67,70,64,57,65,68,76.0,64,65,67.0,68,69,64,61.0,Embedded_Systems,Cyber_Security
EG/2021/4672,83.0,67,77,64,67,69.0,66.0,74,67,65,90,68,71,82.0,63,69,75.0,71,77,77,65.0,Embedded_Systems,Cyber_Security
EG/2021/4673,69.0,61,79,82,65,71.0,72.0,71,77,69,63,77,69,69.0,75,78,84.0,63,62,74,70.0,Cyber_Security,Software_Development
EG/2021/4674,86.0,74,84,84,82,75.0,77.0,68,83,76,74,80,80,74.0,80,89,74.0,68,69,76,79.0,Software_Development,AI_ML
EG/2021/4675,79.0,75,70,75,63,67.0,74.0,72,78,77,72,65,69,67.0,70,60,68.0,56,56,60,78.0,Software_Development,AI_ML
EG/2021/4676,92.0,89,84,83,84,88.0,74.0,99,92,90,88,90,89,86.0,90,90,81.0,80,86,93,86.0,Software_Development,Cyber_Security
EG/2021/4677,62.0,72,61,53,76,64.0,59.0,68,72,67,68,63,66,75.0,68,62,67.0,50,62,69,69.0,Cyber_Security,AI_ML
EG/2021/4678,100.0,100,100,100,100,100.0,89.0,98,96,100,98,98,100,100.0,100,90,97.0,100,99,100,95.0,Cyber_Security,Embedded_Systems
EG/2021/4679,75.0,68,71,75,82,64.0,74.0,66,81,68,77,76,76,79.0,92,77,72.0,78,73,57,76.0,Embedded_Systems,Cyber_Security
EG/2021/4680,51.0,55,50,52,54,60.0,66.0,51,71,42,58,61,53,48.0,49,52,47.0,56,51,57,59.0,AI_ML,Embedded_Systems
EG/2021/4681,57.0,50,60,58,59,55.0,52.0,58,50,56,53,58,55,43.0,51,44,56.0,63,63,53,54.0,AI_ML,Software_Development
EG/2021/4682,66.0,83,68,82,72,85.0,70.0,81,86,79,76,71,69,75.0,81,68,77.0,66,76,69,74.0,Embedded_Systems,AI_ML
EG/2021/4683,74.0,57,59,65,64,59.0,71.0,67,61,65,73,71,60,71.0,66,58,78.0,60,57,71,66.0,Cyber_Security,AI_ML
EG/2021/4684,73.0,83,66,86,79,64.0,84.0,82,71,73,76,75,74,76.0,82,72,80.0,63,72,82,80.0,Cyber_Security,Software_Development
EG/2021/4685,75.0,80,70,81,69,78.0,73.0,79,76,77,74,69,73,87.0,75,64,71.0,79,68,77,82.0,Embedded_Systems,Software_Development
EG/2021/4686,69.0,80,67,60,78,70.0,72.0,71,72,67,75,57,67,60.0,77,64,58.0,61,77,74,51.0,AI_ML,Cyber_Security
EG/2021/4687,56.0,55,60,53,57,51.0,50.0,53,64,70,65,65,64,49.0,51,53,49.0,58,63,51,66.0,Embedded_Systems,Software_Development
EG/2021/4688,54.0,55,56,57,54,39.0,59.0,51,43,58,61,50,46,45.0,59,52,41.0,57,49,47,38.0,Embedded_Systems,Software_Development
EG/2021/4689,59.0,79,66,44,73,73.0,78.0,57,66,69,50,64,64,58.0,71,67,76.0,72,75,63,65.0,AI_ML,Cyber_Security
EG/2021/4690,84.0,74,77,77,85,88.0,82.0,78,73,84,85,86,79,82.0,70,80,80.0,78,88,74,95.0,AI_ML,Embedded_Systems
EG/2021/4691,61.0,60,69,61,61,53.0,56.0,73,60,62,75,67,66,68.0,75,69,66.0,73,69,76,70.0,Cyber_Security,Embedded_Systems
EG/2021/4692,54.0,40,57,50,56,50.0,49.0,65,47,58,47,43,54,42.0,53,51,46.0,47,50,49,54.0,Software_Development,AI_ML
EG/2021/4693,84.0,75,79,68,76,82.0,74.0,61,65,73,72,71,77,76.0,66,64,64.0,82,68,79,68.0,AI_ML,Embedded_Systems
EG/2021/4694,66.0,59,74,70,79,69.0,70.0,76,76,77,80,75,74,60.0,59,67,68.0,71,66,66,77.0,AI_ML,Embedded_Systems
EG/2021/4695,53.0,55,54,54,50,54.0,66.0,68,65,61,52,56,59,50.0,50,62,67.0,58,70,72,60.0,Cyber_Security,Embedded_Systems
EG/2021/4696,73.0,73,63,62,65,68.0,74.0,75,60,73,73,80,65,58.0,75,58,70.0,67,63,84,65.0,Cyber_Security,AI_ML
EG/2021/4697,70.0,70,59,85,76,61.0,64.0,75,71,88,75,51,82,70.0,74,68,59.0,77,75,68,68.0,Embedded_Systems,Software_Development
EG/2021/4698,57.0,57,59,67,49,42.0,55.0,58,46,54,47,62,50,56.0,53,52,70.0,56,59,62,46.0,Cyber_Security,Software_Development
EG/2021/4699,76.0,74,76,64,70,80.0,66.0,81,77,79,71,78,61,86.0,78,76,64.0,78,70,69,71.0,Embedded_Systems,Software_Development
EG/2021/4700,79.0,84,79,86,86,62.0,73.0,67,70,71,77,78,81,81.0,81,65,71.0,77,87,82,72.0,Cyber_Security,Embedded_Systems
EG/2021/4701,89.0,74,80,78,81,83.0,77.0,71,74,87,75,58,80,91.0,82,81,90.0,79,70,80,82.0,Cyber_Security,AI_ML
EG/2021/4702,84.0,76,90,82,76,87.0,89.0,81,86,87,74,90,79,83.0,76,83,84.0,87,80,72,76.0,AI_ML,Embedded_Systems
EG/2021/4703,50.0,46,48,51,45,41.0,66.0,36,47,54,51,44,48,45.0,55,38,48.0,54,48,27,50.0,AI_ML,Embedded_Systems
EG/2021/4704,61.0,63,63,52,59,50.0,47.0,65,55,68,62,53,70,58.0,60,49,48.0,50,63,55,57.0,Embedded_Systems,Software_Development
EG/2021/4705,87.0,80,74,81,65,83.0,61.0,83,59,68,79,73,77,78.0,79,74,67.0,67,77,76,75.0,Software_Development,Cyber_Security
EG/2021/4706,73.0,77,70,75,72,78.0,72.0,71,81,71,68,77,78,79.0,80,78,68.0,75,62,83,76.0,Cyber_Security,Software_Development
EG/2021/4707,67.0,82,78,71,77,70.0,64.0,72,80,76,79,79,75,71.0,65,75,74.0,81,83,74,73.0,Embedded_Systems,Software_Development
EG/2021/4708,100.0,100,100,100,100,100.0,100.0,100,100,100,100,100,100,100.0,100,100,100.0,100,100,100,100.0,AI_ML,Cyber_Security
EG/2021/4709,74.0,87,77,69,80,83.0,80.0,75,64,76,64,81,85,68.0,62,67,74.0,62,68,72,75.0,AI_ML,Software_Development
EG/2021/4710,66.0,92,82,70,77,84.0,92.0,83,90,91,79,83,80,74.0,87,71,81.0,82,79,79,80.0,AI_ML,Embedded_Systems
EG/2021/4711,85.0,85,79,80,88,73.0,81.0,83,75,75,87,82,69,72.0,78,80,72.0,83,70,87,87.0,Software_Development,AI_ML
EG/2021/4712,72.0,88,93,67,74,73.0,74.0,75,73,68,80,68,82,76.0,79,67,78.0,78,75,59,84.0,Software_Development,Embedded_Systems
EG/2021/4713,64.0,53,73,62,56,66.0,50.0,71,80,66,64,59,68,56.0,54,58,73.0,71,65,64,55.0,Embedded_Systems,Cyber_Security
EG/2021/4714,79.0,73,82,87,76,76.0,77.0,80,72,77,74,83,78,74.0,87,84,76.0,82,75,74,81.0,Software_Development,Cyber_Security
EG/2021/4715,60.0,54,60,67,69,65.0,59.0,54,64,63,56,65,62,65.0,50,60,57.0,52,56,68,64.0,AI_ML,Software_Development
EG/2021/4716,70.0,70,72,65,66,54.0,70.0,75,69,65,66,70,63,58.0,71,61,66.0,58,54,61,56.0,Software_Development,Cyber_Security
EG/2021/4717,59.0,55,66,62,62,52.0,57.0,53,65,60,55,59,62,59.0,63,57,70.0,64,65,66,66.0,Cyber_Security,Embedded_Systems
EG/2021/4718,73.0,74,69,82,80,70.0,66.0,68,71,68,67,75,68,69.0,68,73,63.0,76,56,75,75.0,Software_Development,AI_ML
EG/2021/4719,94.0,100,94,99,86,92.0,85.0,100,98,96,94,88,92,98.0,94,97,100.0,97,96,85,89.0,Embedded_Systems,Software_Development
EG/2021/4720,51.0,50,45,43,37,41.0,30.0,41,47,43,36,53,54,42.0,41,37,49.0,35,33,45,44.0,Software_Development,Cyber_Security
EG/2021/4721,81.0,78,54,66,65,64.0,68.0,78,76,75,70,74,66,82.0,85,63,76.0,69,77,73,78.0,Cyber_Security,Embedded_Systems
EG/2021/4722,42.0,42,50,51,51,49.0,38.0,52,59,46,52,60,65,53.0,49,62,57.0,53,49,55,53.0,Cyber_Security,Software_Development
EG/2021/4723,70.0,56,59,68,64,62.0,65.0,56,53,68,62,52,68,70.0,53,54,54.0,60,65,67,55.0,AI_ML,Embedded_Systems
EG/2021/4724,77.0,90,92,77,92,86.0,77.0,81,88,82,79,93,69,80.0,78,85,85.0,82,87,79,89.0,AI_ML,Software_Development
EG/2021/4725,74.0,74,69,71,70,69.0,65.0,68,75,85,62,66,67,65.0,70,79,72.0,76,76,61,55.0,Embedded_Systems,Software_Development
EG/2021/4726,58.0,55,47,53,52,54.0,48.0,51,60,56,66,52,54,50.0,61,56,49.0,47,44,62,64.0,Cyber_Security,Software_Development
EG/2021/4727,72.0,56,59,58,59,68.0,37.0,76,67,56,54,61,62,62.0,55,55,63.0,57,59,59,63.0,Software_Development,Embedded_Systems
EG/2021/4728,75.0,62,69,59,77,67.0,87.0,71,76,95,78,71,69,74.0,72,66,78.0,72,90,65,72.0,Embedded_Systems,AI_ML
EG/2021/4729,57.0,52,63,58,48,63.0,52.0,66,46,62,56,59,59,55.0,59,49,58.0,62,60,49,65.0,Software_Development,Embedded_Systems
EG/2021/4730,70.0,84,73,77,90,59.0,68.0,68,70,78,71,65,70,67.0,77,73,77.0,76,65,74,63.0,Cyber_Security,AI_ML
EG/2021/4731,66.0,60,75,64,72,63.0,58.0,61,62,73,72,64,63,64.0,59,79,65.0,58,68,60,69.0,Software_Development,Embedded_Systems
EG/2021/4732,66.0,62,55,61,62,52.0,67.0,61,55,65,51,64,54,62.0,64,57,62.0,60,57,73,62.0,Cyber_Security,AI_ML
EG/2021/4733,82.0,100,94,88,98,99.0,95.0,98,85,97,94,87,100,84.0,90,90,93.0,100,85,87,95.0,AI_ML,Software_Development
EG/2021/4734,68.0,67,66,78,81,75.0,70.0,82,72,68,84,70,64,78.0,73,80,71.0,63,82,76,70.0,AI_ML,Embedded_Systems
EG/2021/4735,36.0,45,49,42,43,44.0,41.0,55,40,46,56,34,47,48.0,58,39,47.0,43,48,45,40.0,Cyber_Security,Embedded_Systems
EG/2021/4736,77.0,77,74,64,66,62.0,82.0,91,54,61,69,67,76,66.0,69,72,69.0,62,61,65,71.0,Software_Development,AI_ML
EG/2021/4737,72.0,60,64,69,64,58.0,60.0,62,65,59,60,69,59,74.0,65,60,50.0,56,59,44,55.0,Software_Development,Embedded_Systems
EG/2021/4738,77.0,98,78,85,81,73.0,77.0,74,94,73,94,72,79,78.0,83,75,66.0,61,74,80,80.0,Software_Development,Embedded_Systems
EG/2021/4739,57.0,47,61,54,53,61.0,52.0,62,63,61,66,53,67,48.0,50,58,64.0,68,47,53,54.0,Embedded_Systems,Software_Development
EG/2021/4740,67.0,74,78,70,77,60.0,53.0,65,65,69,62,68,62,65.0,54,79,58.0,64,57,67,74.0,Software_Development,Embedded_Systems
EG/2021/4741,82.0,73,72,78,76,83.0,73.0,81,74,77,70,71,70,74.0,80,78,76.0,68,65,73,85.0,AI_ML,Software_Development
EG/2021/4742,72.0,84,79,83,83,67.0,81.0,69,75,80,85,94,75,82.0,71,86,79.0,81,78,80,76.0,Embedded_Systems,Software_Development
EG/2021/4743,55.0,57,46,42,63,48.0,61.0,70,54,49,47,52,62,52.0,42,47,51.0,46,50,65,60.0,AI_ML,Software_Development
EG/2021/4744,71.0,59,58,71,64,76.0,48.0,70,64,62,72,66,73,57.0,71,72,78.0,56,57,60,62.0,Cyber_Security,Software_Development
EG/2021/4745,66.0,64,63,58,65,59.0,54.0,51,56,69,65,69,53,55.0,55,67,64.0,73,60,59,56.0,Embedded_Systems,Software_Development
EG/2021/4746,61.0,47,68,58,66,51.0,56.0,55,72,68,64,67,67,56.0,55,50,65.0,73,65,48,57.0,Embedded_Systems,Software_Development
EG/2021/4747,96.0,93,87,100,84,91.0,89.0,95,79,81,87,91,95,85.0,100,93,91.0,85,92,88,90.0,Software_Development,Cyber_Security
EG/2021/4748,54.0,75,71,75,73,70.0,72.0,81,78,62,68,72,84,65.0,61,69,71.0,80,80,76,60.0,Embedded_Systems,AI_ML
EG/2021/4749,58.0,57,50,50,54,47.0,52.0,44,52,48,63,67,56,48.0,44,42,53.0,55,51,49,57.0,Software_Development,Embedded_Systems
EG/2021/4750,74.0,86,75,64,72,71.0,82.0,84,92,86,77,78,79,84.0,76,80,89.0,69,90,82,80.0,Embedded_Systems,Cyber_Security
EG/2021/4751,81.0,96,96,100,100,100.0,87.0,80,96,100,91,90,100,100.0,92,97,100.0,87,96,92,100.0,AI_ML,Embedded_Systems
EG/2021/4752,84.0,81,70,71,71,79.0,87.0,80,78,74,80,76,85,86.0,74,81,94.0,91,77,71,85.0,Embedded_Systems,Cyber_Security
EG/2021/4753,59.0,44,59,43,41,36.0,53.0,58,48,52,51,38,65,59.0,42,49,51.0,40,50,52,51.0,Software_Development,Embedded_Systems
EG/2021/4754,61.0,57,58,60,71,73.0,60.0,58,62,75,55,68,69,69.0,73,60,56.0,78,53,61,60.0,AI_ML,Embedded_Systems
EG/2021/4755,90.0,92,88,93,88,87.0,94.0,73,75,86,79,67,84,89.0,85,100,80.0,79,81,84,94.0,AI_ML,Software_Development
EG/2021/4756,71.0,70,51,65,52,54.0,70.0,61,54,69,55,59,51,57.0,64,51,51.0,71,63,56,75.0,Software_Development,Embedded_Systems
EG/2021/4757,83.0,72,78,72,78,67.0,80.0,69,61,80,79,72,69,74.0,72,79,79.0,71,78,69,71.0,AI_ML,Software_Development
EG/2021/4758,89.0,78,82,79,88,82.0,56.0,82,71,71,71,93,67,74.0,79,77,73.0,83,74,78,85.0,Software_Development,Cyber_Security
EG/2021/4759,62.0,51,60,53,57,55.0,68.0,51,58,56,45,44,55,55.0,63,51,35.0,67,76,55,52.0,AI_ML,Embedded_Systems
EG/2021/4760,68.0,75,60,68,85,54.0,73.0,62,69,68,54,61,74,68.0,60,67,85.0,77,66,79,63.0,Cyber_Security,AI_ML
EG/2021/4761,25.0,34,31,30,25,42.0,43.0,25,25,30,25,28,29,34.0,31,25,25.0,25,25,35,26.0,AI_ML,Cyber_Security
EG/2021/4762,54.0,69,47,62,61,53.0,64.0,57,55,62,65,54,63,59.0,61,52,52.0,50,64,60,61.0,AI_ML,Embedded_Systems
EG/2021/4763,59.0,59,63,72,73,75.0,76.0,64,69,68,65,61,67,64.0,76,65,77.0,64,69,64,57.0,AI_ML,Cyber_Security
EG/2021/4764,68.0,50,60,56,59,62.0,59.0,45,52,32,57,52,50,53.0,67,42,45.0,44,55,39,64.0,AI_ML,Software_Development
EG/2021/4765,86.0,89,93,85,86,81.0,97.0,89,83,78,91,79,88,91.0,88,91,96.0,89,84,82,94.0,Cyber_Security,Software_Development
EG/2021/4766,52.0,55,51,56,49,58.0,65.0,58,48,36,51,53,54,56.0,59,44,47.0,45,54,46,55.0,AI_ML,Software_Development
EG/2021/4767,67.0,61,56,62,66,58.0,64.0,61,59,64,62,46,64,52.0,44,53,53.0,70,74,61,61.0,Embedded_Systems,AI_ML
EG/2021/4768,70.0,63,74,62,75,57.0,59.0,71,65,71,77,69,71,62.0,80,62,82.0,66,71,69,75.0,Cyber_Security,Embedded_Systems
EG/2021/4769,97.0,91,85,82,90,82.0,83.0,87,87,87,86,81,80,93.0,80,100,92.0,73,75,90,65.0,Cyber_Security,Software_Development
EG/2021/4770,46.0,56,35,51,58,54.0,53.0,42,67,44,61,58,48,50.0,49,37,57.0,61,27,53,54.0,AI_ML,Cyber_Security
EG/2021/4771,83.0,76,87,88,75,79.0,82.0,96,77,87,86,94,98,79.0,85,85,85.0,83,85,90,83.0,Software_Development,Cyber_Security
EG/2021/4772,63.0,78,68,67,67,66.0,59.0,65,66,73,64,66,77,66.0,67,63,72.0,68,61,66,55.0,Cyber_Security,Software_Development
EG/2021/4773,47.0,64,65,48,50,64.0,45.0,61,56,47,53,66,46,54.0,58,54,48.0,64,56,58,59.0,Software_Development,Embedded_Systems
EG/2021/4774,69.0,74,66,74,71,74.0,68.0,79,69,63,68,71,57,77.0,85,78,74.0,80,68,76,78.0,Cyber_Security,Software_Development
EG/2021/4775,70.0,71,48,71,77,64.0,76.0,69,78,70,79,64,71,63.0,68,74,64.0,65,64,72,57.0,AI_ML,Embedded_Systems
EG/2021/4776,58.0,65,63,62,62,66.0,72.0,65,44,73,58,73,67,61.0,53,56,51.0,58,55,70,52.0,AI_ML,Software_Development
EG/2021/4777,64.0,63,71,75,87,70.0,75.0,71,65,81,63,72,65,71.0,82,59,72.0,61,64,74,83.0,AI_ML,Cyber_Security
EG/2021/4778,54.0,64,52,71,65,46.0,71.0,53,69,67,66,63,71,66.0,67,68,71.0,53,69,54,62.0,Embedded_Systems,Cyber_Security
EG/2021/4779,69.0,54,63,65,70,72.0,69.0,67,67,64,69,74,70,71.0,83,73,67.0,73,73,69,76.0,Cyber_Security,AI_ML
EG/2021/4780,65.0,82,95,72,77,79.0,64.0,72,70,82,78,78,75,80.0,82,74,74.0,79,67,76,84.0,Software_Development,Cyber_Security
EG/2021/4781,92.0,76,85,80,83,87.0,84.0,84,90,84,100,87,92,83.0,78,90,79.0,92,80,100,90.0,Embedded_Systems,Software_Development
EG/2021/4782,54.0,64,58,58,53,59.0,51.0,44,59,48,60,44,49,47.0,58,50,53.0,62,56,51,60.0,Embedded_Systems,AI_ML
EG/2021/4783,83.0,91,89,100,100,89.0,90.0,100,95,79,94,92,92,100.0,87,88,99.0,99,100,87,79.0,Embedded_Systems,AI_ML
EG/2021/4784,42.0,43,30,42,45,47.0,45.0,56,39,45,35,49,49,42.0,45,45,50.0,51,52,48,43.0,Cyber_Security,AI_ML
EG/2021/4785,61.0,62,65,64,61,55.0,69.0,73,69,62,63,65,66,65.0,66,70,70.0,52,59,70,45.0,Cyber_Security,Software_Development
EG/2021/4786,77.0,73,73,85,69,78.0,81.0,84,72,76,80,81,88,80.0,64,77,71.0,73,82,75,63.0,Software_Development,Embedded_Systems
EG/2021/4787,81.0,81,69,75,68,85.0,69.0,69,77,55,63,74,76,83.0,66,75,67.0,78,59,70,68.0,Software_Development,AI_ML
EG/2021/4788,47.0,43,60,64,61,54.0,47.0,56,71,62,76,54,65,57.0,76,55,66.0,52,59,67,56.0,Cyber_Security,Embedded_Systems
EG/2021/4789,66.0,74,67,57,74,60.0,62.0,60,47,48,66,56,65,59.0,67,77,71.0,66,69,60,66.0,Cyber_Security,AI_ML
EG/2021/4790,61.0,64,61,67,53,57.0,62.0,67,63,70,62,61,68,53.0,61,60,61.0,66,48,60,62.0,Software_Development,Cyber_Security
EG/2021/4791,66.0,52,52,54,59,62.0,69.0,63,49,65,56,57,59,72.0,74,60,58.0,64,76,57,62.0,Embedded_Systems,AI_ML
EG/2021/4792,80.0,71,82,70,79,71.0,74.0,78,95,76,82,81,80,71.0,75,69,86.0,81,87,86,79.0,Cyber_Security,Embedded_Systems
EG/2021/4793,67.0,84,59,70,59,75.0,76.0,81,69,76,64,67,66,72.0,72,71,70.0,76,77,74,75.0,Embedded_Systems,Cyber_Security
EG/2021/4794,57.0,53,45,56,54,66.0,62.0,63,65,53,75,55,67,53.0,67,63,65.0,61,53,52,53.0,Cyber_Security,AI_ML
EG/2021/4795,73.0,71,84,77,74,83.0,79.0,73,79,79,88,86,81,69.0,76,84,78.0,69,78,72,74.0,AI_ML,Software_Development
EG/2021/4796,79.0,80,75,62,66,59.0,78.0,67,66,77,79,73,86,70.0,66,83,64.0,75,77,85,71.0,Software_Development,Embedded_Systems
EG/2021/4797,78.0,80,77,84,79,85.0,73.0,83,71,56,68,73,95,71.0,62,81,89.0,80,70,85,78.0,Software_Development,AI_ML
EG/2021/4798,89.0,69,66,83,74,82.0,72.0,83,87,72,77,76,81,71.0,69,77,76.0,65,74,81,68.0,Software_Development,AI_ML
EG/2021/4799,58.0,60,53,44,54,64.0,58.0,62,65,58,67,68,59,72.0,51,55,53.0,68,64,58,66.0,Embedded_Systems,AI_ML
EG/2021/4800,56.0,54,59,68,64,64.0,57.0,75,75,60,65,63,55,64.0,62,57,52.0,65,51,72,66.0,Embedded_Systems,Cyber_Security
EG/2021/4801,66.0,85,66,71,89,79.0,81.0,88,77,87,70,81,83,83.0,73,84,68.0,67,79,69,71.0,AI_ML,Software_Development
EG/2021/4802,63.0,83,70,81,87,83.0,70.0,78,77,67,71,70,77,81.0,90,82,73.0,70,63,81,74.0,Cyber_Security,AI_ML
EG/2021/4803,57.0,71,72,67,54,81.0,69.0,62,66,63,65,75,72,67.0,60,60,81.0,64,61,65,82.0,Cyber_Security,Software_Development
EG/2021/4804,71.0,72,79,70,73,63.0,69.0,60,67,56,65,86,82,66.0,79,74,65.0,65,66,68,71.0,Software_Development,Cyber_Security
EG/2021/4805,87.0,96,80,82,82,91.0,85.0,81,76,94,94,78,78,85.0,85,88,93.0,85,87,88,86.0,Cyber_Security,Embedded_Systems
EG/2021/4806,50.0,61,66,69,62,60.0,58.0,66,61,59,47,53,54,62.0,67,53,60.0,54,56,60,57.0,Cyber_Security,AI_ML
EG/2021/4807,81.0,66,61,66,72,74.0,72.0,87,69,71,79,76,73,71.0,80,78,66.0,82,75,72,72.0,Embedded_Systems,Software_Development
EG/2021/4808,62.0,69,70,70,66,55.0,66.0,68,69,65,57,72,71,66.0,50,58,62.0,73,61,62,76.0,Software_Development,Embedded_Systems
EG/2021/4809,66.0,80,60,73,66,63.0,67.0,74,67,70,59,65,69,60.0,65,48,56.0,70,62,51,66.0,Software_Development,AI_ML
EG/2021/4810,92.0,74,83,86,77,74.0,81.0,79,83,84,67,74,75,80.0,79,80,75.0,81,90,87,81.0,Embedded_Systems,Software_Development
EG/2021/4811,84.0,75,76,94,72,75.0,90.0,82,90,96,74,77,83,76.0,70,80,72.0,84,70,71,78.0,Embedded_Systems,Software_Development
EG/2021/4812,76.0,81,87,74,75,70.0,71.0,84,77,81,88,82,69,69.0,81,77,64.0,76,83,91,96.0,Software_Development,Embedded_Systems
EG/2021/4813,77.0,83,78,90,85,81.0,83.0,70,89,80,86,81,78,67.0,96,100,94.0,79,84,82,84.0,Cyber_Security,AI_ML
EG/2021/4814,53.0,61,73,68,72,65.0,57.0,65,83,64,60,73,67,62.0,50,71,70.0,77,64,77,62.0,Embedded_Systems,Software_Development
EG/2021/4815,71.0,84,74,85,82,77.0,79.0,83,85,73,83,84,72,89.0,72,77,71.0,78,68,64,72.0,AI_ML,Embedded_Systems
EG/2021/4816,63.0,81,63,64,61,53.0,56.0,66,72,54,73,66,71,62.0,56,67,66.0,59,56,69,70.0,Software_Development,Cyber_Security
EG/2021/4817,65.0,73,71,69,74,62.0,70.0,64,70,72,73,72,74,77.0,72,69,66.0,69,67,79,62.0,Cyber_Security,Embedded_Systems
EG/2021/4818,66.0,60,61,76,73,69.0,64.0,49,68,72,81,72,79,52.0,64,73,48.0,61,65,76,70.0,AI_ML,Software_Development
EG/2021/4819,70.0,58,69,66,77,64.0,71.0,67,60,65,75,63,67,62.0,65,72,90.0,83,73,58,64.0,Cyber_Security,AI_ML
EG/2021/4820,74.0,77,75,65,75,83.0,71.0,75,79,69,80,68,74,66.0,80,77,76.0,75,73,70,62.0,AI_ML,Cyber_Security
EG/2021/4821,54.0,66,60,55,57,60.0,54.0,52,60,69,53,56,67,57.0,70,54,54.0,59,57,62,51.0,Cyber_Security,Embedded_Systems
EG/2021/4822,94.0,96,94,97,94,97.0,100.0,94,93,83,98,90,92,100.0,100,82,80.0,98,93,94,93.0,AI_ML,Embedded_Systems
EG/2021/4823,59.0,56,62,66,48,66.0,58.0,59,63,41,57,50,66,59.0,51,52,45.0,47,59,58,66.0,Software_Development,AI_ML
EG/2021/4824,46.0,49,60,54,52,51.0,50.0,58,45,45,57,66,57,65.0,41,55,65.0,61,58,51,60.0,Software_Development,Embedded_Systems
EG/2021/4825,92.0,74,75,91,87,78.0,80.0,65,93,71,77,97,65,80.0,86,79,92.0,78,72,93,80.0,Cyber_Security,AI_ML
EG/2021/4826,77.0,83,84,68,82,84.0,89.0,68,84,80,78,75,86,87.0,89,80,83.0,90,76,96,84.0,Cyber_Security,AI_ML
EG/2021/4827,76.0,82,67,72,74,79.0,74.0,73,75,73,70,76,82,90.0,81,74,68.0,73,84,76,73.0,Embedded_Systems,AI_ML
EG/2021/4828,80.0,65,80,74,77,74.0,71.0,80,74,74,61,74,82,75.0,87,79,86.0,83,66,79,65.0,Cyber_Security,Software_Development
EG/2021/4829,69.0,79,72,67,62,78.0,63.0,71,71,76,75,76,54,64.0,66,61,71.0,50,68,68,68.0,Software_Development,Cyber_Security
EG/2021/4830,64.0,61,44,58,62,56.0,53.0,61,68,52,47,66,53,48.0,53,59,62.0,49,56,66,47.0,Cyber_Security,AI_ML
EG/2021/4831,71.0,79,70,74,68,69.0,65.0,66,70,74,70,56,65,67.0,70,64,72.0,67,65,75,74.0,Cyber_Security,Embedded_Systems
EG/2021/4832,56.0,50,57,57,58,60.0,51.0,58,61,70,62,63,54,60.0,58,49,49.0,46,71,52,66.0,Embedded_Systems,Software_Development
EG/2021/4833,82.0,70,74,81,77,73.0,72.0,75,80,77,82,71,92,94.0,84,79,71.0,84,80,75,74.0,Embedded_Systems,Software_Development
EG/2021/4834,58.0,65,76,66,66,67.0,60.0,72,79,71,64,79,66,57.0,73,77,63.0,68,77,59,67.0,Software_Development,Embedded_Systems
EG/2021/4835,59.0,62,54,52,55,68.0,62.0,52,56,56,60,61,58,59.0,65,48,63.0,51,58,77,59.0,Cyber_Security,AI_ML
EG/2021/4836,64.0,77,58,63,69,67.0,61.0,70,64,71,67,58,68,51.0,68,65,54.0,64,67,69,70.0,Software_Development,AI_ML
EG/2021/4837,71.0,78,73,72,70,73.0,72.0,74,83,62,78,71,77,70.0,75,79,72.0,79,69,69,64.0,Embedded_Systems,Software_Development
EG/2021/4838,60.0,60,66,60,72,60.0,70.0,61,62,50,73,59,38,63.0,67,77,60.0,47,57,57,65.0,AI_ML,Cyber_Security
EG/2021/4839,45.0,51,57,58,68,60.0,67.0,54,66,55,60,62,54,62.0,44,55,64.0,49,61,64,49.0,AI_ML,Embedded_Systems
EG/2021/4840,67.0,80,79,71,65,76.0,69.0,61,65,65,71,78,61,75.0,72,67,76.0,69,74,77,76.0,Cyber_Security,Software_Development
EG/2021/4841,72.0,64,75,68,71,75.0,67.0,66,70,67,65,63,74,74.0,71,63,64.0,71,75,77,78.0,AI_ML,Cyber_Security
EG/2021/4842,63.0,73,47,71,57,60.0,56.0,60,72,60,65,75,60,66.0,63,70,72.0,62,65,59,57.0,Embedded_Systems,Cyber_Security
EG/2021/4843,55.0,60,59,54,60,65.0,67.0,46,58,67,67,74,62,63.0,62,56,54.0,69,53,64,71.0,AI_ML,Embedded_Systems
EG/2021/4844,80.0,82,67,66,85,74.0,69.0,69,70,68,69,65,56,63.0,74,68,78.0,74,65,72,60.0,AI_ML,Cyber_Security
EG/2021/4845,45.0,55,54,70,48,44.0,48.0,57,52,45,54,51,48,38.0,47,38,47.0,55,57,44,58.0,Software_Development,Embedded_Systems
EG/2021/4846,58.0,50,33,44,54,52.0,45.0,55,44,49,49,63,59,47.0,59,57,52.0,41,37,45,61.0,Software_Development,Cyber_Security
EG/2021/4847,62.0,56,77,50,63,44.0,54.0,56,56,54,64,68,69,58.0,63,67,61.0,60,61,62,62.0,Software_Development,Cyber_Security
EG/2021/4848,61.0,63,69,71,58,69.0,68.0,66,66,59,72,63,70,74.0,66,71,67.0,63,65,67,64.0,Cyber_Security,Embedded_Systems
EG/2021/4849,84.0,75,73,57,66,76.0,63.0,68,72,60,78,77,62,71.0,67,60,76.0,82,78,76,74.0,Embedded_Systems,Cyber_Security
EG/2021/4850,77.0,86,94,84,77,91.0,93.0,87,95,86,87,100,95,84.0,91,90,88.0,87,89,91,81.0,Cyber_Security,Software_Development
EG/2021/4851,85.0,74,95,93,72,76.0,75.0,89,89,74,71,79,83,81.0,80,67,84.0,74,74,89,97.0,Software_Development,Cyber_Security
EG/2021/4852,73.0,65,72,55,46,68.0,65.0,73,60,73,62,62,65,64.0,61,66,69.0,72,61,61,62.0,Software_Development,Embedded_Systems
EG/2021/4853,63.0,68,74,54,72,78.0,58.0,71,69,58,72,69,54,73.0,67,69,59.0,72,64,72,77.0,AI_ML,Embedded_Systems
EG/2021/4854,66.0,41,57,45,70,66.0,56.0,53,61,52,73,58,63,70.0,60,58,58.0,50,60,61,51.0,AI_ML,Embedded_Systems
EG/2021/4855,66.0,71,67,74,69,68.0,65.0,73,78,80,65,64,64,83.0,72,72,64.0,65,52,66,,Embedded_Systems,Software_Development
EG/2021/4856,67.0,58,61,72,55,66.0,64.0,53,70,58,68,68,67,65.0,68,64,57.0,62,66,65,79.0,Software_Development,Embedded_Systems
EG/2021/4857,74.0,64,66,68,67,80.0,82.0,70,74,70,68,63,72,74.0,73,58,70.0,80,66,70,75.0,AI_ML,Embedded_Systems
EG/2021/4858,57.0,46,53,63,55,48.0,59.0,62,63,50,51,53,69,69.0,65,62,59.0,59,59,73,60.0,Cyber_Security,Embedded_Systems
EG/2021/4859,80.0,62,65,84,67,72.0,69.0,79,79,65,69,80,73,73.0,83,75,76.0,79,77,75,68.0,Cyber_Security,Software_Development
EG/2021/4860,92.0,77,86,99,92,96.0,81.0,91,80,97,72,74,86,91.0,92,80,94.0,83,75,90,79.0,Cyber_Security,AI_ML
EG/2021/4861,54.0,62,55,65,72,74.0,71.0,69,68,68,76,73,78,59.0,63,56,76.0,69,65,65,69.0,AI_ML,Cyber_Security
EG/2021/4862,82.0,86,74,57,65,75.0,82.0,71,83,74,57,59,68,71.0,65,84,75.0,82,74,69,83.0,AI_ML,Software_Development
EG/2021/4863,65.0,73,76,71,81,66.0,78.0,80,75,64,74,64,82,84.0,72,85,80.0,74,77,67,72.0,AI_ML,Embedded_Systems
EG/2021/4864,70.0,64,64,60,74,63.0,68.0,57,64,66,55,60,62,58.0,77,68,64.0,64,62,71,79.0,Cyber_Security,AI_ML
EG/2021/4865,79.0,73,67,69,84,67.0,75.0,65,69,79,64,73,64,70.0,73,66,76.0,61,62,76,66.0,AI_ML,Cyber_Security
EG/2021/4866,61.0,69,90,67,88,70.0,78.0,69,52,76,78,77,68,57.0,83,51,72.0,63,61,66,70.0,AI_ML,Cyber_Security
EG/2021/4867,66.0,69,79,77,63,64.0,56.0,70,69,74,71,70,74,83.0,68,75,69.0,67,60,63,71.0,Software_Development,Embedded_Systems
EG/2021/4868,51.0,50,50,68,78,52.0,63.0,46,61,51,52,57,68,68.0,57,61,74.0,51,63,60,58.0,AI_ML,Cyber_Security
EG/2021/4869,67.0,78,70,67,66,54.0,75.0,71,65,70,64,72,79,70.0,68,66,64.0,78,67,65,54.0,Software_Development,Embedded_Systems
EG/2021/4870,72.0,87,70,82,70,83.0,65.0,79,66,79,69,68,72,78.0,73,82,84.0,68,74,72,70.0,Cyber_Security,Software_Development
EG/2021/4871,91.0,74,78,88,88,83.0,79.0,85,79,73,85,86,79,88.0,80,91,76.0,91,73,77,87.0,Software_Development,AI_ML
EG/2021/4872,89.0,72,70,80,75,81.0,74.0,96,85,72,81,71,77,89.0,71,81,85.0,81,79,81,79.0,Embedded_Systems,Software_Development
EG/2021/4873,100.0,92,97,100,97,94.0,89.0,89,100,100,100,94,86,90.0,97,94,100.0,94,98,95,98.0,Cyber_Security,Embedded_Systems
EG/2021/4874,55.0,52,54,59,50,51.0,55.0,56,68,65,45,58,57,64.0,66,59,45.0,69,46,66,64.0,Embedded_Systems,Cyber_Security
EG/2021/4875,77.0,82,85,93,77,70.0,80.0,76,69,68,78,73,76,86.0,96,83,79.0,63,75,77,77.0,Cyber_Security,Software_Development
EG/2021/4876,58.0,65,77,60,79,63.0,76.0,70,76,76,68,71,75,79.0,67,64,75.0,69,59,68,63.0,AI_ML,Embedded_Systems
EG/2021/4877,89.0,100,100,91,94,89.0,100.0,92,90,95,100,95,79,78.0,92,97,96.0,87,91,83,100.0,AI_ML,Software_Development
EG/2021/4878,65.0,67,52,57,59,61.0,52.0,48,54,64,61,67,53,54.0,53,52,61.0,45,52,66,49.0,Cyber_Security,AI_ML
EG/2021/4879,69.0,59,61,61,61,52.0,52.0,54,55,53,62,47,53,51.0,66,67,59.0,50,61,64,54.0,Cyber_Security,Software_Development
EG/2021/4880,52.0,68,65,70,69,73.0,70.0,60,66,65,63,60,69,62.0,67,65,53.0,61,62,61,55.0,AI_ML,Embedded_Systems
EG/2021/4881,38.0,50,39,42,31,50.0,47.0,51,49,48,36,37,35,28.0,36,38,59.0,37,52,33,48.0,AI_ML,Cyber_Security
EG/2021/4882,62.0,58,56,52,66,67.0,62.0,77,61,59,70,68,63,47.0,55,62,58.0,68,61,53,71.0,AI_ML,Software_Development
EG/2021/4883,61.0,53,70,65,57,58.0,62.0,68,58,59,64,64,58,74.0,66,53,62.0,57,61,55,58.0,Embedded_Systems,Software_Development
EG/2021/4884,64.0,70,71,75,71,80.0,70.0,64,73,65,76,73,77,74.0,72,80,65.0,68,66,77,71.0,AI_ML,Software_Development
EG/2021/4885,75.0,78,77,59,80,71.0,76.0,67,76,84,81,67,76,73.0,77,83,56.0,70,64,74,75.0,AI_ML,Embedded_Systems
EG/2021/4886,87.0,91,85,90,82,90.0,88.0,89,99,90,93,97,91,93.0,84,95,84.0,90,96,80,100.0,Embedded_Systems,Software_Development
EG/2021/4887,79.0,68,71,68,72,81.0,81.0,92,70,73,90,69,76,80.0,66,90,69.0,76,88,82,67.0,Embedded_Systems,AI_ML
EG/2021/4888,65.0,55,57,56,48,66.0,51.0,60,61,56,64,49,48,68.0,55,62,69.0,55,66,55,66.0,Embedded_Systems,Cyber_Security
EG/2021/4889,57.0,57,56,51,53,62.0,52.0,48,50,58,56,48,59,53.0,62,63,53.0,64,58,54,60.0,Embedded_Systems,Cyber_Security
EG/2021/4890,71.0,73,66,80,83,71.0,69.0,70,74,79,74,74,78,75.0,89,82,70.0,70,67,81,71.0,Cyber_Security,AI_ML
EG/2021/4891,51.0,66,52,53,51,48.0,50.0,57,51,43,52,57,41,54.0,49,52,45.0,49,60,58,54.0,Software_Development,Embedded_Systems
EG/2021/4892,89.0,80,78,81,81,94.0,83.0,95,90,100,86,69,81,83.0,100,90,91.0,93,94,98,95.0,Cyber_Security,Embedded_Systems
EG/2021/4893,80.0,86,74,88,79,87.0,78.0,81,77,84,94,91,84,91.0,88,89,77.0,84,96,82,86.0,Embedded_Systems,Software_Development
EG/2021/4894,61.0,73,67,52,52,60.0,52.0,67,52,66,64,63,65,59.0,53,67,69.0,56,54,69,77.0,Software_Development,Cyber_Security
EG/2021/4895,59.0,63,52,50,40,36.0,51.0,32,33,47,48,36,41,55.0,49,42,50.0,53,53,43,48.0,Embedded_Systems,Cyber_Security
EG/2021/4896,88.0,81,82,79,87,83.0,84.0,85,83,84,87,85,80,85.0,90,69,80.0,88,88,82,84.0,Embedded_Systems,AI_ML
EG/2021/4897,65.0,70,60,64,58,71.0,55.0,73,64,66,87,74,54,78.0,50,65,73.0,68,64,64,65.0,Embedded_Systems,Software_Development
EG/2021/4898,88.0,87,76,86,91,95.0,77.0,77,78,90,75,87,92,76.0,87,68,83.0,80,92,83,87.0,AI_ML,Cyber_Security
EG/2021/4899,47.0,50,46,53,48,40.0,51.0,43,58,49,43,57,40,41.0,57,42,49.0,46,52,40,49.0,Cyber_Security,Embedded_Systems
EG/2021/4900,69.0,60,65,70,61,58.0,57.0,48,55,66,51,51,65,54.0,64,55,51.0,59,54,59,61.0,Software_Development,AI_ML
EG/2021/4901,71.0,71,75,67,66,65.0,63.0,79,78,65,66,65,68,69.0,68,64,68.0,59,67,78,68.0,Cyber_Security,Software_Development
EG/2021/4902,68.0,51,65,71,74,78.0,68.0,64,80,70,70,62,78,79.0,67,74,71.0,68,62,61,68.0,AI_ML,Embedded_Systems
EG/2021/4903,66.0,67,55,60,68,62.0,65.0,64,49,57,59,75,57,74.0,61,70,72.0,69,59,53,58.0,AI_ML,Software_Development
EG/2021/4904,64.0,76,77,77,78,69.0,65.0,80,76,84,72,80,76,59.0,67,79,70.0,82,80,67,78.0,Software_Development,Embedded_Systems
EG/2021/4905,47.0,54,49,58,59,59.0,59.0,66,52,49,56,75,43,57.0,50,60,71.0,53,62,74,53.0,Cyber_Security,AI_ML
EG/2021/4906,58.0,81,63,66,65,63.0,61.0,65,46,64,63,63,53,44.0,63,71,70.0,74,68,70,71.0,Cyber_Security,Software_Development
EG/2021/4907,70.0,65,79,57,73,61.0,69.0,66,59,67,72,64,74,75.0,70,52,59.0,83,64,68,70.0,Embedded_Systems,AI_ML
EG/2021/4908,86.0,71,80,76,72,68.0,74.0,75,80,72,82,73,62,82.0,70,74,68.0,72,77,75,71.0,Embedded_Systems,Software_Development
EG/2021/4909,92.0,90,78,79,77,89.0,73.0,86,91,82,81,86,75,76.0,70,64,86.0,81,82,78,87.0,Embedded_Systems,Software_Development
EG/2021/4910,59.0,49,46,50,53,57.0,47.0,53,61,52,61,52,62,55.0,60,58,63.0,39,41,50,54.0,Cyber_Security,Software_Development
EG/2021/4911,53.0,46,51,41,46,50.0,48.0,43,52,59,57,50,55,50.0,52,35,50.0,41,50,46,54.0,Embedded_Systems,Cyber_Security
EG/2021/4912,71.0,82,91,94,79,82.0,95.0,73,83,78,85,84,79,78.0,80,82,84.0,84,82,82,78.0,AI_ML,Cyber_Security
EG/2021/4913,68.0,78,69,75,75,74.0,62.0,63,84,73,71,72,61,75.0,76,76,64.0,65,79,67,58.0,Embedded_Systems,AI_ML
EG/2021/4914,54.0,60,68,57,68,61.0,71.0,65,74,54,54,54,63,57.0,56,51,68.0,73,62,56,55.0,AI_ML,Embedded_Systems
EG/2021/4915,82.0,78,96,79,95,89.0,85.0,84,83,90,84,86,96,93.0,87,93,80.0,91,90,89,72.0,AI_ML,Embedded_Systems
EG/2021/4916,68.0,66,81,64,61,70.0,70.0,65,55,69,66,68,65,69.0,76,73,75.0,76,66,62,68.0,Cyber_Security,Software_Development
EG/2021/4917,79.0,78,84,91,91,88.0,75.0,77,67,81,87,82,77,76.0,78,85,92.0,82,82,100,92.0,Cyber_Security,AI_ML
EG/2021/4918,55.0,68,73,70,67,69.0,63.0,69,78,77,71,75,65,58.0,61,74,69.0,62,75,74,62.0,Embedded_Systems,Cyber_Security
EG/2021/4919,98.0,96,100,89,97,86.0,89.0,91,92,88,98,100,97,80.0,92,90,100.0,89,92,84,78.0,Software_Development,Cyber_Security
EG/2021/4920,82.0,92,92,93,83,85.0,82.0,87,90,93,81,83,98,98.0,80,90,100.0,91,90,72,100.0,Software_Development,Embedded_Systems
EG/2021/4921,67.0,53,62,59,66,51.0,64.0,74,52,60,75,62,56,62.0,63,65,67.0,61,54,60,62.0,Cyber_Security,Software_Development
EG/2021/4922,94.0,87,77,90,82,94.0,77.0,90,74,80,77,74,69,82.0,78,80,78.0,84,79,84,80.0,AI_ML,Software_Development
EG/2021/4923,69.0,78,77,85,65,82.0,89.0,64,74,67,68,77,92,88.0,58,71,75.0,81,62,79,81.0,AI_ML,Software_Development
EG/2021/4924,67.0,94,75,81,89,79.0,76.0,87,86,80,81,81,83,80.0,88,76,79.0,84,81,84,88.0,Cyber_Security,Embedded_Systems
EG/2021/4925,54.0,60,55,52,66,54.0,57.0,51,54,56,74,58,58,52.0,55,54,51.0,44,57,52,62.0,AI_ML,Embedded_Systems
EG/2021/4926,84.0,84,84,58,75,72.0,78.0,74,69,89,74,84,71,75.0,85,73,79.0,88,82,70,83.0,Embedded_Systems,Cyber_Security
EG/2021/4927,94.0,84,65,70,90,91.0,73.0,83,75,81,78,63,84,81.0,82,76,80.0,79,74,78,68.0,AI_ML,Cyber_Security
EG/2021/4928,38.0,56,58,38,46,37.0,52.0,45,55,58,46,50,54,60.0,52,53,49.0,66,50,40,37.0,Embedded_Systems,Software_Development
EG/2021/4929,57.0,57,62,55,60,55.0,51.0,55,56,55,53,51,56,65.0,62,46,43.0,58,64,51,62.0,Embedded_Systems,Software_Development
EG/2021/4930,40.0,43,40,41,28,43.0,26.0,48,48,41,38,47,56,48.0,43,42,43.0,42,39,53,38.0,Cyber_Security,Software_Development
EG/2021/4931,64.0,81,69,55,82,71.0,69.0,67,58,76,66,58,62,75.0,65,73,72.0,68,54,59,60.0,AI_ML,Embedded_Systems
EG/2021/4932,95.0,83,77,75,87,76.0,69.0,72,56,80,84,85,75,75.0,66,83,69.0,62,79,81,68.0,Software_Development,AI_ML
EG/2021/4933,76.0,90,95,90,84,74.0,79.0,82,82,82,88,92,88,88.0,95,95,86.0,93,78,91,83.0,Cyber_Security,Software_Development
EG/2021/4934,71.0,60,76,73,55,67.0,74.0,59,63,72,61,73,72,67.0,68,65,56.0,87,63,61,66.0,Embedded_Systems,Software_Development
EG/2021/4935,91.0,79,78,74,90,81.0,85.0,82,90,85,85,93,89,79.0,81,93,78.0,73,94,82,81.0,AI_ML,Software_Development
EG/2021/4936,59.0,53,56,51,41,52.0,58.0,65,74,38,48,46,42,60.0,57,44,57.0,49,65,59,44.0,Cyber_Security,Embedded_Systems
EG/2021/4937,48.0,49,46,38,51,58.0,56.0,42,52,54,48,43,50,51.0,32,46,45.0,47,41,41,50.0,AI_ML,Embedded_Systems
EG/2021/4938,69.0,63,68,74,70,55.0,63.0,59,86,75,77,73,65,67.0,64,66,80.0,73,62,67,62.0,Embedded_Systems,Cyber_Security
EG/2021/4939,70.0,74,68,78,66,67.0,78.0,75,77,85,72,67,69,73.0,79,69,76.0,87,70,87,68.0,Cyber_Security,Embedded_Systems
EG/2021/4940,69.0,79,80,61,75,64.0,62.0,67,63,71,67,78,68,57.0,65,65,71.0,70,64,74,52.0,Cyber_Security,Software_Development
EG/2021/4941,41.0,48,50,38,49,41.0,59.0,42,46,41,56,41,36,36.0,38,40,36.0,58,57,44,57.0,AI_ML,Embedded_Systems
EG/2021/4942,71.0,59,62,64,74,72.0,62.0,77,79,73,73,70,59,69.0,64,60,64.0,68,63,73,74.0,Embedded_Systems,AI_ML
EG/2021/4943,50.0,52,43,37,52,51.0,60.0,56,65,58,56,67,34,49.0,38,58,47.0,56,50,52,49.0,Embedded_Systems,AI_ML
EG/2021/4944,79.0,70,73,78,66,79.0,82.0,72,72,88,90,71,88,75.0,81,75,69.0,78,87,83,70.0,Embedded_Systems,Cyber_Security
EG/2021/4945,72.0,70,75,70,79,68.0,75.0,69,74,72,76,73,76,72.0,72,74,77.0,81,76,58,72.0,Embedded_Systems,AI_ML
EG/2021/4946,65.0,54,58,64,55,58.0,52.0,53,47,56,43,64,56,52.0,55,58,63.0,54,64,56,57.0,Software_Development,Cyber_Security
EG/2021/4947,61.0,58,71,54,52,67.0,61.0,68,68,57,68,68,57,55.0,60,62,65.0,68,55,47,53.0,Embedded_Systems,Software_Development
EG/2021/4948,43.0,47,61,51,65,50.0,40.0,53,66,59,44,53,35,44.0,55,56,49.0,47,52,56,37.0,Cyber_Security,Embedded_Systems
EG/2021/4949,76.0,66,74,57,82,73.0,69.0,55,68,56,70,64,62,66.0,72,65,70.0,65,60,66,64.0,AI_ML,Cyber_Security
EG/2021/4950,73.0,76,82,72,79,80.0,82.0,79,75,85,67,78,84,84.0,79,89,66.0,75,85,89,69.0,AI_ML,Embedded_Systems
EG/2021/4951,52.0,36,46,48,71,63.0,57.0,45,59,60,53,66,63,45.0,47,61,65.0,57,65,61,57.0,AI_ML,Cyber_Security
EG/2021/4952,70.0,88,73,81,75,73.0,53.0,89,77,78,72,72,79,74.0,78,74,65.0,72,70,70,75.0,Software_Development,Embedded_Systems
EG/2021/4953,71.0,69,69,57,59,64.0,53.0,55,62,63,56,62,63,64.0,65,59,54.0,70,59,59,55.0,Embedded_Systems,Software_Development
EG/2021/4954,44.0,56,58,59,54,58.0,53.0,57,60,69,56,55,68,52.0,60,58,59.0,52,56,61,55.0,Cyber_Security,Embedded_Systems
EG/2021/4955,89.0,67,70,64,78,66.0,69.0,69,65,73,74,72,64,77.0,74,70,68.0,55,56,63,79.0,Software_Development,AI_ML
EG/2021/4956,63.0,47,53,47,50,57.0,58.0,54,63,51,51,57,63,53.0,56,66,55.0,46,51,55,61.0,Software_Development,Cyber_Security
EG/2021/4957,63.0,73,54,60,67,65.0,60.0,59,67,57,65,54,59,61.0,69,52,54.0,68,67,71,58.0,Cyber_Security,Embedded_Systems
EG/2021/4958,53.0,67,53,58,50,45.0,58.0,57,47,47,47,47,47,52.0,63,58,62.0,47,47,48,70.0,Cyber_Security,Software_Development
EG/2021/4959,94.0,93,94,83,88,100.0,84.0,100,85,95,90,78,85,79.0,96,99,80.0,94,92,88,83.0,AI_ML,Software_Development
EG/2021/4960,72.0,76,64,74,76,55.0,73.0,74,67,61,71,63,61,75.0,63,58,58.0,66,59,66,63.0,AI_ML,Software_Development
EG/2021/4961,64.0,61,58,54,57,55.0,63.0,70,65,67,53,65,64,53.0,59,58,59.0,65,59,82,59.0,Cyber_Security,Software_Development
EG/2021/4962,74.0,61,64,67,68,70.0,73.0,63,72,80,61,80,65,69.0,79,63,62.0,69,67,75,60.0,Cyber_Security,AI_ML
EG/2021/4963,67.0,64,74,70,75,70.0,65.0,69,62,60,70,71,59,71.0,56,70,75.0,86,58,75,79.0,AI_ML,Software_Development
EG/2021/4964,64.0,66,63,61,77,76.0,78.0,66,67,64,73,69,70,76.0,63,63,57.0,79,71,71,67.0,AI_ML,Embedded_Systems
EG/2021/4965,74.0,72,86,76,80,62.0,79.0,78,73,75,75,74,78,68.0,73,74,86.0,73,81,81,70.0,Cyber_Security,Software_Development
EG/2021/4966,76.0,76,88,75,73,74.0,70.0,87,83,83,74,83,84,74.0,71,74,84.0,74,70,80,80.0,Software_Development,Cyber_Security
EG/2021/4967,70.0,61,61,63,58,47.0,63.0,60,64,73,63,64,65,71.0,68,67,70.0,84,60,64,63.0,Embedded_Systems,Cyber_Security
EG/2021/4968,65.0,61,54,44,62,61.0,66.0,58,59,49,61,74,56,64.0,64,63,74.0,54,61,51,59.0,AI_ML,Cyber_Security
EG/2021/4969,44.0,65,50,52,67,67.0,61.0,68,66,62,66,64,65,69.0,60,66,65.0,64,52,67,56.0,AI_ML,Cyber_Security
EG/2021/4970,45.0,33,30,45,33,52.0,48.0,28,50,39,25,50,41,33.0,45,42,33.0,41,31,40,30.0,AI_ML,Cyber_Security
EG/2021/4971,51.0,45,40,57,55,51.0,52.0,48,46,40,42,56,43,47.0,49,54,49.0,50,59,54,65.0,AI_ML,Software_Development
EG/2021/4972,84.0,75,94,78,85,92.0,68.0,83,87,81,78,90,77,83.0,78,83,80.0,72,77,84,75.0,Software_Development,AI_ML
EG/2021/4973,85.0,95,89,86,76,92.0,90.0,81,87,91,89,74,83,82.0,83,100,83.0,91,97,93,100.0,Embedded_Systems,Software_Development
EG/2021/4974,73.0,50,68,67,59,62.0,62.0,72,68,63,66,72,79,53.0,68,56,66.0,58,56,72,59.0,Cyber_Security,Software_Development
EG/2021/4975,82.0,83,59,80,71,65.0,79.0,67,70,64,79,74,72,71.0,81,63,73.0,85,80,55,80.0,Embedded_Systems,Software_Development
EG/2021/4976,66.0,81,63,58,71,74.0,78.0,71,73,92,74,69,80,81.0,68,59,66.0,62,70,69,75.0,Embedded_Systems,AI_ML
EG/2021/4977,100.0,100,100,99,100,95.0,100.0,100,100,100,96,95,100,100.0,100,90,100.0,100,100,92,100.0,Embedded_Systems,AI_ML
EG/2021/4978,75.0,63,83,79,83,91.0,93.0,91,75,82,92,81,88,91.0,93,86,85.0,66,94,83,87.0,AI_ML,Cyber_Security
EG/2021/4979,57.0,64,65,71,61,65.0,65.0,66,57,59,75,67,73,68.0,58,70,73.0,51,58,64,55.0,Software_Development,Cyber_Security
EG/2021/4980,52.0,56,60,74,58,65.0,61.0,63,47,58,48,47,63,51.0,59,65,45.0,51,61,66,52.0,AI_ML,Software_Development
EG/2021/4981,55.0,42,60,47,46,45.0,54.0,54,41,48,51,38,51,58.0,55,41,47.0,44,53,50,39.0,Cyber_Security,Embedded_Systems
EG/2021/4982,77.0,67,69,61,73,72.0,70.0,71,75,57,66,74,80,72.0,70,76,69.0,81,94,67,72.0,Embedded_Systems,Software_Development
EG/2021/4983,63.0,70,59,62,63,60.0,64.0,51,49,51,60,65,62,66.0,68,59,51.0,59,51,65,50.0,AI_ML,Cyber_Security
EG/2021/4984,56.0,56,52,60,59,51.0,47.0,41,49,56,58,52,63,43.0,66,52,50.0,60,47,49,37.0,Cyber_Security,AI_ML
EG/2021/4985,64.0,54,77,61,60,57.0,57.0,61,65,74,75,68,49,68.0,63,65,61.0,58,66,57,59.0,Embedded_Systems,Software_Development
EG/2021/4986,51.0,44,40,49,66,58.0,46.0,51,58,58,60,54,57,63.0,53,50,59.0,59,54,58,40.0,Embedded_Systems,AI_ML
EG/2021/4987,91.0,86,93,95,95,82.0,90.0,95,86,96,90,88,90,90.0,95,100,89.0,83,85,100,90.0,Cyber_Security,Software_Development
EG/2021/4988,84.0,77,78,83,74,70.0,81.0,84,80,77,76,72,72,73.0,84,88,72.0,73,85,85,70.0,Cyber_Security,Software_Development
EG/2021/4989,73.0,71,72,61,83,77.0,76.0,67,69,67,69,57,72,68.0,50,64,82.0,55,66,72,62.0,AI_ML,Cyber_Security
EG/2021/4990,94.0,82,81,88,88,91.0,91.0,78,84,93,95,99,75,90.0,86,78,92.0,88,80,100,70.0,Cyber_Security,AI_ML
EG/2021/4991,74.0,73,69,76,63,69.0,67.0,73,67,81,69,77,64,71.0,66,68,73.0,71,74,64,80.0,Software_Development,Embedded_Systems
EG/2021/4992,60.0,71,63,66,69,69.0,49.0,51,73,67,51,48,44,62.0,60,59,65.0,63,60,52,47.0,Embedded_Systems,AI_ML
EG/2021/4993,94.0,92,100,86,100,84.0,89.0,81,92,79,75,87,97,93.0,85,94,88.0,88,84,87,84.0,AI_ML,Software_Development
EG/2021/4994,74.0,74,80,72,74,84.0,82.0,68,92,74,78,74,73,70.0,74,66,83.0,89,72,85,62.0,Cyber_Security,AI_ML
EG/2021/4995,49.0,54,50,64,52,57.0,61.0,55,52,57,57,54,71,47.0,50,58,56.0,57,49,49,50.0,AI_ML,Software_Development
EG/2021/4996,65.0,63,63,57,65,59.0,73.0,74,65,64,61,63,71,65.0,71,55,66.0,73,71,78,78.0,Cyber_Security,Embedded_Systems
EG/2021/4997,52.0,66,54,61,62,70.0,56.0,57,48,60,65,60,61,55.0,69,61,62.0,55,55,47,60.0,AI_ML,Cyber_Security
EG/2021/4998,47.0,47,39,42,60,58.0,48.0,48,46,57,48,57,47,57.0,45,51,62.0,45,46,51,46.0,AI_ML,Cyber_Security
EG/2021/4999,78.0,79,77,87,83,78.0,74.0,68,92,86,78,82,72,72.0,69,93,90.0,84,70,80,79.0,Embedded_Systems,Cyber_Security
EG/2022/5000,85.0,91,96,89,92,96.0,91.0,95,87,100,91,90,95,98.0,91,80,95.0,90,94,85,87.0,Embedded_Systems,AI_ML
EG/2022/5001,49.0,48,42,60,62,48.0,51.0,46,65,49,49,50,51,61.0,51,61,55.0,57,48,47,51.0,Embedded_Systems,AI_ML
EG/2022/5002,62.0,65,82,78,73,81.0,76.0,76,66,65,76,81,65,75.0,83,63,80.0,77,61,80,80.0,Cyber_Security,AI_ML
EG/2022/5003,62.0,62,64,52,67,43.0,59.0,58,53,63,68,63,50,61.0,52,51,67.0,55,52,70,58.0,Cyber_Security,Embedded_Systems
EG/2022/5004,62.0,62,57,72,60,55.0,61.0,68,60,75,54,63,55,57.0,58,50,71.0,70,61,47,64.0,Embedded_Systems,Software_Development
EG/2022/5005,55.0,64,60,72,64,68.0,55.0,60,60,58,64,61,74,57.0,46,63,59.0,55,59,62,63.0,Software_Development,AI_ML
EG/2022/5006,62.0,54,69,64,57,56.0,64.0,57,64,62,59,60,73,55.0,67,49,67.0,62,56,57,55.0,Cyber_Security,Software_Development
EG/2022/5007,75.0,77,74,63,68,70.0,69.0,72,72,73,70,65,70,79.0,70,59,71.0,78,66,69,63.0,Embedded_Systems,Cyber_Security
EG/2022/5008,47.0,52,58,56,55,49.0,57.0,73,55,59,64,64,59,58.0,55,59,63.0,55,48,56,54.0,Cyber_Security,Software_Development
EG/2022/5009,66.0,83,70,72,81,84.0,66.0,77,70,71,72,64,69,62.0,62,74,81.0,79,65,62,76.0,AI_ML,Software_Development
EG/2022/5010,62.0,55,68,62,62,76.0,58.0,67,65,61,71,65,61,69.0,59,68,73.0,70,76,78,73.0,Cyber_Security,Embedded_Systems
EG/2022/5011,59.0,68,62,77,60,64.0,74.0,65,59,49,70,69,75,71.0,68,64,72.0,71,72,73,57.0,Cyber_Security,Software_Development
EG/2022/5012,63.0,60,42,58,72,54.0,61.0,53,51,49,54,49,70,57.0,49,70,54.0,51,61,56,55.0,AI_ML,Software_Development
EG/2022/5013,60.0,56,75,42,68,68.0,50.0,54,68,58,63,50,55,71.0,62,62,72.0,63,65,58,56.0,Embedded_Systems,Cyber_Security
EG/2022/5014,75.0,80,78,79,60,91.0,82.0,73,64,85,75,78,76,83.0,91,83,82.0,67,83,73,83.0,Cyber_Security,Software_Development
EG/2022/5015,60.0,83,77,72,70,81.0,80.0,69,85,73,73,62,71,67.0,72,75,75.0,86,66,56,71.0,AI_ML,Embedded_Systems
EG/2022/5016,61.0,41,56,56,44,71.0,57.0,61,54,53,54,47,53,52.0,50,49,64.0,42,56,59,72.0,Cyber_Security,AI_ML
EG/2022/5017,61.0,73,64,67,63,63.0,80.0,62,64,63,72,74,77,71.0,72,73,87.0,67,61,75,71.0,Cyber_Security,Software_Development
EG/2022/5018,77.0,60,76,83,55,71.0,79.0,86,82,82,78,76,68,65.0,68,72,69.0,70,69,78,85.0,Software_Development,Embedded_Systems
EG/2022/5019,50.0,41,37,56,47,40.0,38.0,53,58,57,51,57,51,50.0,60,47,42.0,53,51,47,41.0,Embedded_Systems,Cyber_Security
EG/2022/5020,84.0,86,90,77,67,78.0,77.0,75,82,82,74,66,80,62.0,84,77,93.0,88,81,75,75.0,Cyber_Security,Software_Development
EG/2022/5021,51.0,56,51,58,60,61.0,62.0,60,64,64,49,59,59,67.0,59,46,63.0,65,59,54,64.0,Embedded_Systems,AI_ML
EG/2022/5022,54.0,67,68,75,63,74.0,71.0,71,82,65,75,78,81,81.0,69,64,76.0,96,86,71,68.0,Embedded_Systems,Cyber_Security
EG/2022/5023,60.0,57,56,59,59,65.0,63.0,61,47,56,59,51,60,62.0,56,65,58.0,49,60,58,59.0,AI_ML,Software_Development
EG/2022/5024,59.0,61,55,41,43,55.0,35.0,54,43,60,48,54,55,42.0,44,42,55.0,37,41,51,54.0,Software_Development,Cyber_Security
EG/2022/5025,57.0,36,49,53,59,38.0,55.0,44,42,56,44,52,38,50.0,51,44,67.0,42,41,58,46.0,Cyber_Security,AI_ML
EG/2022/5026,70.0,61,60,72,78,64.0,62.0,58,77,58,60,57,66,65.0,76,70,64.0,69,76,67,63.0,Cyber_Security,AI_ML
EG/2022/5027,68.0,82,80,82,77,77.0,64.0,76,68,71,75,71,71,64.0,64,68,70.0,64,72,64,84.0,Software_Development,AI_ML
EG/2022/5028,63.0,70,62,66,55,54.0,56.0,59,63,60,55,60,38,55.0,64,60,55.0,52,62,57,49.0,Cyber_Security,Software_Development
EG/2022/5029,69.0,75,79,71,90,70.0,79.0,68,79,70,77,72,68,81.0,80,75,81.0,80,57,90,77.0,Cyber_Security,AI_ML
EG/2022/5030,51.0,39,53,54,37,55.0,49.0,43,42,32,46,38,42,48.0,45,49,57.0,39,50,41,43.0,Cyber_Security,AI_ML
EG/2022/5031,71.0,82,84,61,57,58.0,62.0,61,63,68,67,69,74,77.0,60,62,79.0,59,64,73,61.0,Cyber_Security,Software_Development
EG/2022/5032,61.0,65,69,58,53,51.0,50.0,48,63,48,50,69,49,59.0,54,55,59.0,51,44,63,59.0,Software_Development,Cyber_Security
EG/2022/5033,79.0,65,55,57,76,62.0,52.0,58,55,55,53,57,54,65.0,53,68,78.0,58,60,58,59.0,AI_ML,Cyber_Security
EG/2022/5034,71.0,63,80,61,67,65.0,67.0,67,69,66,72,80,74,57.0,76,65,65.0,76,76,64,71.0,Software_Development,Embedded_Systems
EG/2022/5035,54.0,57,60,60,56,63.0,65.0,53,52,57,53,52,46,56.0,50,64,52.0,51,74,62,42.0,AI_ML,Embedded_Systems
EG/2022/5036,63.0,62,67,45,53,59.0,63.0,58,61,63,65,65,49,56.0,67,63,74.0,58,65,66,67.0,Cyber_Security,Embedded_Systems
EG/2022/5037,68.0,82,68,68,87,90.0,86.0,78,80,74,83,85,78,79.0,80,85,81.0,84,75,85,75.0,AI_ML,Cyber_Security
EG/2022/5038,56.0,71,60,60,68,60.0,71.0,62,56,60,57,61,51,56.0,57,62,51.0,67,56,76,48.0,AI_ML,Cyber_Security
EG/2022/5039,75.0,84,72,79,84,83.0,74.0,76,71,66,70,76,68,75.0,77,78,76.0,88,85,79,91.0,AI_ML,Software_Development
EG/2022/5040,51.0,47,60,52,50,60.0,53.0,63,56,57,71,60,58,62.0,62,57,56.0,58,47,46,59.0,Embedded_Systems,Software_Development
EG/2022/5041,75.0,84,82,63,69,70.0,90.0,78,68,54,71,88,80,78.0,66,83,70.0,75,79,75,76.0,Software_Development,AI_ML
EG/2022/5042,80.0,87,71,80,76,71.0,95.0,74,80,83,90,87,91,92.0,82,87,78.0,89,87,87,94.0,Embedded_Systems,Software_Development
EG/2022/5043,46.0,43,38,41,39,41.0,27.0,42,32,45,52,35,46,27.0,33,42,37.0,36,40,47,40.0,Software_Development,Cyber_Security
EG/2022/5044,58.0,69,66,63,51,59.0,61.0,63,58,51,64,57,67,59.0,58,56,51.0,57,47,57,53.0,Software_Development,AI_ML
EG/2022/5045,75.0,67,74,75,67,79.0,75.0,72,82,80,73,93,60,82.0,70,86,79.0,63,72,72,74.0,Embedded_Systems,Software_Development
EG/2022/5046,63.0,65,71,74,63,64.0,71.0,55,76,74,65,67,69,76.0,53,70,52.0,72,55,56,61.0,Embedded_Systems,Software_Development
EG/2022/5047,74.0,69,75,75,69,69.0,67.0,73,67,49,67,68,69,62.0,65,73,73.0,74,68,76,69.0,Software_Development,Cyber_Security
EG/2022/5048,67.0,50,63,56,57,75.0,55.0,61,76,60,67,53,56,58.0,72,60,64.0,66,67,84,52.0,Cyber_Security,Embedded_Systems
EG/2022/5049,63.0,71,67,67,72,59.0,64.0,61,62,49,73,56,73,76.0,71,76,68.0,49,78,67,62.0,Cyber_Security,Software_Development
EG/2022/5050,62.0,84,58,56,67,71.0,62.0,56,74,65,63,69,54,65.0,68,62,74.0,66,68,69,72.0,Cyber_Security,Embedded_Systems
EG/2022/5051,80.0,69,74,81,80,78.0,88.0,81,77,82,75,87,70,76.0,80,70,72.0,76,78,78,84.0,AI_ML,Software_Development
EG/2022/5052,62.0,71,76,79,72,69.0,63.0,69,65,54,62,68,75,60.0,71,72,66.0,82,82,62,68.0,Software_Development,AI_ML
EG/2022/5053,66.0,77,72,77,65,70.0,68.0,69,67,86,79,72,75,65.0,69,80,70.0,76,68,75,65.0,Embedded_Systems,Software_Development
EG/2022/5054,60.0,64,62,73,64,57.0,51.0,62,63,65,64,55,64,51.0,67,74,68.0,65,55,63,60.0,Cyber_Security,Software_Development
EG/2022/5055,68.0,61,59,60,63,66.0,69.0,54,66,56,64,63,56,63.0,63,61,64.0,59,67,45,50.0,AI_ML,Embedded_Systems
EG/2022/5056,65.0,54,61,72,52,73.0,72.0,60,67,73,57,66,68,69.0,55,63,78.0,66,66,74,64.0,Cyber_Security,Embedded_Systems
EG/2022/5057,74.0,74,80,71,80,76.0,70.0,76,66,60,62,69,77,64.0,75,76,67.0,66,69,76,79.0,AI_ML,Software_Development
EG/2022/5058,69.0,58,61,73,57,64.0,61.0,60,56,54,70,75,64,65.0,46,61,53.0,62,64,63,80.0,Software_Development,Embedded_Systems
EG/2022/5059,71.0,56,62,71,72,65.0,75.0,60,65,55,72,66,63,77.0,74,75,84.0,67,75,69,64.0,Cyber_Security,AI_ML
EG/2022/5060,96.0,100,98,98,100,97.0,100.0,90,92,100,99,95,90,93.0,83,92,83.0,100,94,96,99.0,AI_ML,Embedded_Systems
EG/2022/5061,78.0,85,77,89,85,94.0,81.0,71,77,81,76,84,84,67.0,78,86,83.0,89,82,82,74.0,AI_ML,Cyber_Security
EG/2022/5062,66.0,64,64,63,64,61.0,59.0,66,57,69,62,64,73,67.0,56,69,57.0,72,61,67,56.0,Software_Development,Embedded_Systems
EG/2022/5063,78.0,84,94,84,80,80.0,71.0,85,84,85,87,81,80,82.0,82,88,68.0,72,86,90,75.0,Software_Development,Embedded_Systems
EG/2022/5064,46.0,71,63,72,70,59.0,55.0,51,79,67,68,53,61,62.0,67,62,60.0,69,63,72,64.0,Embedded_Systems,Cyber_Security
EG/2022/5065,43.0,45,46,43,48,40.0,44.0,49,40,44,49,53,42,40.0,54,57,50.0,45,40,58,37.0,Cyber_Security,Software_Development
EG/2022/5066,66.0,62,48,47,52,37.0,51.0,48,53,58,54,55,58,57.0,45,59,47.0,64,54,50,52.0,Embedded_Systems,Software_Development
EG/2022/5067,52.0,43,44,61,40,48.0,47.0,56,49,46,50,49,41,49.0,52,47,50.0,48,45,42,42.0,Software_Development,Cyber_Security
EG/2022/5068,71.0,73,68,60,49,58.0,60.0,63,60,60,72,68,44,81.0,65,58,69.0,64,54,66,59.0,Cyber_Security,Embedded_Systems
EG/2022/5069,77.0,70,57,69,69,57.0,61.0,59,73,68,67,64,77,69.0,65,68,59.0,70,64,63,63.0,Embedded_Systems,Software_Development
EG/2022/5070,89.0,89,90,96,88,93.0,80.0,80,83,90,85,87,100,99.0,93,89,87.0,75,89,84,71.0,Cyber_Security,Software_Development
EG/2022/5071,73.0,63,73,68,80,64.0,83.0,74,85,73,81,81,68,74.0,70,66,83.0,67,62,75,73.0,Cyber_Security,AI_ML
EG/2022/5072,61.0,67,66,58,68,63.0,72.0,63,68,55,61,58,58,65.0,70,63,70.0,68,61,72,66.0,Cyber_Security,AI_ML
EG/2022/5073,76.0,72,85,80,87,88.0,90.0,77,74,69,82,93,77,79.0,71,77,76.0,86,95,87,72.0,AI_ML,Embedded_Systems
EG/2022/5074,46.0,37,44,29,37,32.0,45.0,53,37,49,41,36,40,33.0,37,42,44.0,38,34,40,44.0,Software_Development,Cyber_Security
EG/2022/5075,79.0,65,81,69,79,60.0,68.0,66,67,69,58,63,78,73.0,77,58,66.0,71,68,74,81.0,Cyber_Security,Software_Development
EG/2022/5076,76.0,70,70,79,74,79.0,87.0,78,87,81,85,78,78,63.0,88,76,85.0,66,71,79,77.0,Cyber_Security,AI_ML
EG/2022/5077,47.0,65,51,48,56,58.0,50.0,60,41,43,31,66,45,44.0,50,48,58.0,60,49,50,60.0,AI_ML,Software_Development
EG/2022/5078,82.0,91,82,71,72,71.0,83.0,84,77,71,68,68,72,82.0,62,82,83.0,90,76,76,97.0,Software_Development,Embedded_Systems
EG/2022/5079,76.0,86,65,83,74,75.0,72.0,61,68,66,76,71,78,80.0,71,79,74.0,77,70,65,90.0,Software_Development,AI_ML
EG/2022/5080,53.0,54,70,64,49,67.0,42.0,67,63,61,67,66,67,73.0,63,77,56.0,66,58,68,55.0,Embedded_Systems,Software_Development
EG/2022/5081,60.0,76,92,86,74,61.0,87.0,67,74,71,71,76,83,74.0,74,80,66.0,86,83,70,67.0,Embedded_Systems,Software_Development
EG/2022/5082,91.0,86,95,93,98,100.0,99.0,100,85,100,96,98,88,96.0,98,87,93.0,90,96,83,92.0,AI_ML,Embedded_Systems
EG/2022/5083,62.0,65,74,64,67,76.0,72.0,64,67,71,52,65,83,77.0,67,68,70.0,64,63,70,71.0,AI_ML,Cyber_Security
EG/2022/5084,67.0,65,72,73,64,69.0,71.0,92,70,84,76,67,59,62.0,77,75,78.0,78,77,81,82.0,Cyber_Security,Embedded_Systems
EG/2022/5085,61.0,71,57,61,68,71.0,64.0,73,58,65,64,61,67,65.0,54,66,69.0,69,56,43,67.0,AI_ML,Software_Development
EG/2022/5086,55.0,55,45,50,57,66.0,54.0,52,63,41,57,50,44,52.0,66,65,59.0,49,47,56,49.0,Cyber_Security,AI_ML
EG/2022/5087,88.0,85,73,88,75,79.0,82.0,78,84,85,78,78,72,77.0,89,77,86.0,74,78,83,74.0,Cyber_Security,Embedded_Systems
EG/2022/5088,60.0,62,48,53,58,55.0,49.0,63,57,47,61,55,69,55.0,51,55,51.0,70,71,45,57.0,Embedded_Systems,Software_Development
EG/2022/5089,71.0,85,81,56,87,62.0,70.0,74,70,70,69,66,75,72.0,62,81,76.0,72,56,67,58.0,AI_ML,Software_Development
EG/2022/5090,67.0,52,61,72,70,62.0,66.0,65,47,57,49,65,58,66.0,65,63,57.0,68,53,54,62.0,AI_ML,Software_Development
EG/2022/5091,66.0,83,71,70,82,78.0,72.0,83,71,89,89,61,70,80.0,65,67,82.0,66,79,67,65.0,Embedded_Systems,AI_ML
EG/2022/5092,79.0,80,78,68,75,70.0,75.0,71,79,82,80,70,73,74.0,69,82,72.0,77,68,69,60.0,Embedded_Systems,Software_Development
EG/2022/5093,80.0,74,73,68,82,65.0,74.0,78,77,75,71,97,84,82.0,88,70,66.0,71,85,73,74.0,Software_Development,Embedded_Systems
EG/2022/5094,67.0,69,57,74,45,71.0,55.0,59,57,61,59,54,71,75.0,67,37,67.0,48,56,53,65.0,Cyber_Security,Software_Development
EG/2022/5095,57.0,67,65,56,60,66.0,66.0,71,81,66,63,74,62,54.0,79,70,70.0,70,66,64,68.0,Cyber_Security,Embedded_Systems
EG/2022/5096,45.0,55,63,57,53,54.0,61.0,59,69,62,64,57,45,68.0,57,63,53.0,66,68,72,57.0,Embedded_Systems,Cyber_Security
EG/2022/5097,68.0,57,66,69,50,69.0,50.0,65,66,63,48,58,64,61.0,58,66,60.0,61,54,68,70.0,Software_Development,Cyber_Security
EG/2022/5098,75.0,67,74,75,64,83.0,76.0,78,80,65,69,63,69,77.0,73,63,71.0,69,80,80,79.0,Cyber_Security,AI_ML
EG/2022/5099,71.0,91,78,77,63,57.0,73.0,63,62,72,65,78,68,75.0,76,77,64.0,89,82,83,79.0,Software_Development,Cyber_Security
EG/2022/5100,51.0,57,60,45,57,60.0,56.0,59,51,57,55,67,59,52.0,56,55,40.0,56,47,52,57.0,AI_ML,Software_Development
EG/2022/5101,86.0,84,80,73,84,68.0,69.0,80,75,87,75,76,77,82.0,78,75,88.0,78,82,81,79.0,Cyber_Security,Embedded_Systems
EG/2022/5102,76.0,79,77,86,92,88.0,78.0,96,83,87,85,84,86,92.0,78,94,78.0,96,85,92,83.0,Embedded_Systems,AI_ML
EG/2022/5103,84.0,68,73,67,76,74.0,80.0,62,70,68,69,80,67,76.0,75,66,86.0,70,74,79,58.0,Cyber_Security,AI_ML
EG/2022/5104,84.0,98,83,92,84,95.0,91.0,100,73,95,85,93,94,87.0,81,93,100.0,86,93,92,98.0,Software_Development,Cyber_Security
EG/2022/5105,63.0,49,59,63,45,55.0,56.0,59,61,56,63,48,49,84.0,54,67,70.0,64,56,62,61.0,Embedded_Systems,Cyber_Security
EG/2022/5106,51.0,50,50,60,41,40.0,52.0,56,57,59,56,54,47,61.0,52,56,49.0,48,54,70,45.0,Cyber_Security,Embedded_Systems
EG/2022/5107,51.0,47,64,38,38,44.0,50.0,58,58,64,51,57,45,53.0,31,55,35.0,46,48,53,57.0,Embedded_Systems,Software_Development
EG/2022/5108,82.0,87,86,100,80,89.0,89.0,90,80,83,85,86,98,83.0,91,90,78.0,77,91,84,82.0,Software_Development,AI_ML
EG/2022/5109,75.0,75,66,81,75,83.0,75.0,79,70,81,72,57,81,71.0,61,79,73.0,77,65,75,75.0,AI_ML,Software_Development
EG/2022/5110,68.0,70,66,67,60,59.0,75.0,69,49,62,67,70,75,65.0,72,70,51.0,68,76,60,74.0,Software_Development,AI_ML
EG/2022/5111,64.0,76,75,79,74,79.0,78.0,68,69,71,75,70,81,79.0,62,76,68.0,78,63,88,73.0,AI_ML,Software_Development
EG/2022/5112,60.0,60,66,71,53,50.0,57.0,54,61,55,39,42,80,48.0,52,52,53.0,60,60,66,64.0,Software_Development,Cyber_Security
EG/2022/5113,94.0,90,93,87,97,100.0,98.0,92,93,96,100,86,98,90.0,100,88,88.0,100,98,98,95.0,AI_ML,Embedded_Systems
EG/2022/5114,68.0,68,58,68,78,66.0,74.0,69,85,87,72,76,79,73.0,85,76,62.0,72,61,85,81.0,Cyber_Security,Embedded_Systems
EG/2022/5115,62.0,78,75,53,61,71.0,72.0,53,68,67,70,64,76,72.0,70,77,68.0,69,73,74,64.0,Cyber_Security,Embedded_Systems
EG/2022/5116,59.0,83,67,78,80,83.0,84.0,80,78,81,76,70,84,71.0,63,78,79.0,81,70,74,86.0,AI_ML,Embedded_Systems
EG/2022/5117,72.0,64,71,76,74,65.0,80.0,73,64,60,56,74,86,66.0,80,70,68.0,66,81,80,58.0,Cyber_Security,AI_ML
EG/2022/5118,88.0,73,69,70,68,66.0,64.0,68,73,74,68,66,68,81.0,69,60,73.0,54,66,73,63.0,Cyber_Security,Software_Development
EG/2022/5119,64.0,45,58,54,65,60.0,51.0,60,45,67,71,59,55,61.0,59,59,59.0,67,48,64,61.0,Cyber_Security,Embedded_Systems
EG/2022/5120,74.0,74,78,59,80,90.0,69.0,64,79,70,74,72,76,64.0,78,64,74.0,78,84,64,71.0,AI_ML,Embedded_Systems
EG/2022/5121,89.0,100,86,93,84,85.0,97.0,100,96,73,88,82,89,82.0,75,80,86.0,90,92,85,90.0,Software_Development,AI_ML
EG/2022/5122,84.0,78,82,94,83,98.0,73.0,83,94,84,84,81,86,82.0,84,84,75.0,92,90,95,84.0,Embedded_Systems,AI_ML
EG/2022/5123,91.0,81,87,83,89,100.0,90.0,86,80,87,90,90,98,92.0,84,82,99.0,82,81,99,79.0,Cyber_Security,AI_ML
EG/2022/5124,54.0,67,63,65,60,61.0,64.0,55,63,67,66,62,59,66.0,70,64,66.0,57,49,72,54.0,Cyber_Security,AI_ML
EG/2022/5125,64.0,45,57,45,60,54.0,64.0,56,60,70,55,56,54,64.0,61,55,63.0,50,68,72,58.0,Cyber_Security,Embedded_Systems
EG/2022/5126,71.0,62,70,70,68,62.0,68.0,76,70,64,69,80,68,56.0,55,62,66.0,70,66,71,62.0,Software_Development,AI_ML
EG/2022/5127,74.0,73,75,66,81,68.0,59.0,76,63,63,80,74,67,70.0,78,57,68.0,58,72,72,78.0,Cyber_Security,Software_Development
EG/2022/5128,84.0,77,84,76,70,71.0,74.0,87,64,73,88,87,68,91.0,84,75,85.0,76,86,75,80.0,Cyber_Security,Software_Development
EG/2022/5129,48.0,46,51,42,47,47.0,39.0,52,50,49,64,47,44,57.0,37,42,35.0,50,45,44,53.0,Embedded_Systems,Software_Development
EG/2022/5130,91.0,92,75,84,80,97.0,83.0,84,85,90,82,88,91,89.0,87,78,79.0,78,88,72,89.0,AI_ML,Software_Development
EG/2022/5131,70.0,69,66,69,70,62.0,65.0,56,62,62,78,63,76,83.0,73,64,61.0,61,77,64,62.0,Embedded_Systems,Software_Development
EG/2022/5132,60.0,65,66,54,52,61.0,55.0,61,68,68,57,68,55,67.0,54,55,60.0,47,63,48,49.0,Embedded_Systems,Software_Development
EG/2022/5133,52.0,53,61,53,58,44.0,66.0,54,56,59,58,55,48,63.0,65,55,50.0,60,62,63,64.0,Embedded_Systems,Cyber_Security
EG/2022/5134,49.0,51,43,48,44,51.0,39.0,55,39,48,53,50,48,48.0,38,50,50.0,43,34,51,41.0,Software_Development,Cyber_Security
EG/2022/5135,89.0,77,73,70,73,80.0,87.0,80,64,72,74,79,63,72.0,72,72,78.0,70,86,64,75.0,AI_ML,Software_Development
EG/2022/5136,60.0,72,65,81,59,69.0,77.0,80,61,66,69,69,66,63.0,62,72,79.0,60,58,68,68.0,Software_Development,Cyber_Security
EG/2022/5137,42.0,49,56,47,49,51.0,59.0,61,69,36,59,73,40,54.0,62,43,70.0,50,60,66,52.0,Cyber_Security,Embedded_Systems
EG/2022/5138,54.0,51,60,48,60,50.0,48.0,49,58,54,47,48,62,51.0,49,45,44.0,41,55,52,59.0,Software_Development,AI_ML
EG/2022/5139,64.0,57,61,57,64,67.0,66.0,51,65,64,76,59,59,52.0,56,63,65.0,78,63,57,64.0,Embedded_Systems,AI_ML
EG/2022/5140,89.0,88,94,100,92,88.0,79.0,98,87,89,78,93,100,81.0,91,93,89.0,71,87,76,87.0,Software_Development,AI_ML
EG/2022/5141,67.0,59,66,69,77,67.0,71.0,74,63,68,78,61,73,63.0,70,71,65.0,62,63,53,72.0,AI_ML,Software_Development
EG/2022/5142,48.0,42,49,43,52,51.0,49.0,40,58,53,57,48,45,55.0,55,61,42.0,51,44,54,54.0,Embedded_Systems,AI_ML
EG/2022/5143,75.0,67,64,73,61,73.0,62.0,76,62,64,64,57,58,65.0,63,62,59.0,60,64,62,60.0,Software_Development,AI_ML
EG/2022/5144,54.0,66,70,66,68,69.0,56.0,67,69,65,62,68,63,64.0,67,64,66.0,66,80,62,57.0,Embedded_Systems,Cyber_Security
EG/2022/5145,30.0,41,38,37,32,37.0,25.0,37,33,26,32,39,35,29.0,31,28,29.0,30,45,33,30.0,Software_Development,Embedded_Systems
EG/2022/5146,67.0,64,83,65,64,78.0,60.0,79,81,63,66,65,70,68.0,79,59,68.0,78,61,66,67.0,Cyber_Security,Embedded_Systems
EG/2022/5147,54.0,68,59,60,55,68.0,73.0,75,70,66,65,70,60,74.0,73,67,64.0,57,67,57,57.0,Embedded_Systems,AI_ML
EG/2022/5148,75.0,80,80,79,83,85.0,74.0,81,85,71,85,63,82,77.0,84,71,77.0,60,77,79,77.0,AI_ML,Cyber_Security
EG/2022/5149,100.0,93,86,86,87,94.0,89.0,93,86,96,100,85,92,80.0,96,99,84.0,81,89,80,89.0,Software_Development,AI_ML
EG/2022/5150,82.0,76,75,94,83,69.0,86.0,86,89,77,83,80,79,73.0,85,71,83.0,84,74,76,64.0,Cyber_Security,Embedded_Systems
EG/2022/5151,66.0,66,65,56,58,74.0,77.0,62,63,66,59,57,60,69.0,56,68,59.0,64,68,72,55.0,AI_ML,Embedded_Systems
EG/2022/5152,46.0,57,56,65,58,56.0,64.0,54,55,56,51,42,53,53.0,59,48,56.0,60,61,57,35.0,AI_ML,Cyber_Security
EG/2022/5153,95.0,99,100,98,94,99.0,92.0,93,100,100,98,97,93,98.0,100,93,100.0,100,93,100,96.0,Cyber_Security,Embedded_Systems
EG/2022/5154,66.0,54,67,71,68,71.0,55.0,66,61,75,61,74,69,64.0,78,72,71.0,64,82,84,76.0,Cyber_Security,Software_Development
EG/2022/5155,66.0,69,60,74,74,66.0,85.0,66,70,73,60,77,69,72.0,74,63,70.0,65,79,68,55.0,AI_ML,Cyber_Security
EG/2022/5156,77.0,83,70,63,73,69.0,84.0,63,71,53,82,64,70,66.0,72,64,73.0,65,72,68,58.0,AI_ML,Cyber_Security
EG/2022/5157,74.0,68,56,76,70,66.0,72.0,71,74,79,72,76,83,69.0,59,65,61.0,84,62,69,69.0,Embedded_Systems,Software_Development
EG/2022/5158,58.0,61,66,47,54,75.0,57.0,64,63,77,60,71,65,60.0,66,79,78.0,71,69,63,59.0,Cyber_Security,Embedded_Systems
EG/2022/5159,63.0,64,61,56,82,60.0,68.0,65,76,58,67,70,68,68.0,57,57,54.0,74,63,54,54.0,AI_ML,Embedded_Systems
EG/2022/5160,65.0,64,67,55,74,59.0,61.0,50,52,63,53,59,63,60.0,63,62,68.0,67,65,62,65.0,AI_ML,Cyber_Security
EG/2022/5161,76.0,76,74,59,73,61.0,67.0,67,78,61,60,55,66,72.0,65,66,73.0,67,79,70,64.0,Embedded_Systems,Cyber_Security
EG/2022/5162,73.0,53,58,60,56,63.0,68.0,62,70,48,56,62,61,53.0,60,63,55.0,54,60,64,51.0,AI_ML,Software_Development
EG/2022/5163,52.0,65,58,62,59,61.0,62.0,57,73,54,71,52,59,72.0,63,55,67.0,61,74,60,45.0,Embedded_Systems,Cyber_Security
EG/2022/5164,64.0,73,64,74,65,72.0,61.0,68,58,65,68,64,71,78.0,66,68,73.0,69,72,76,85.0,Cyber_Security,Software_Development
EG/2022/5165,56.0,64,57,67,74,58.0,63.0,54,59,62,48,63,58,52.0,66,68,78.0,64,63,65,73.0,Cyber_Security,AI_ML
EG/2022/5166,84.0,88,88,81,88,75.0,91.0,89,96,79,95,84,76,80.0,75,80,87.0,85,100,83,83.0,Embedded_Systems,AI_ML
EG/2022/5167,39.0,43,27,39,31,41.0,40.0,41,25,31,34,37,41,40.0,30,44,35.0,25,42,30,37.0,Software_Development,AI_ML
EG/2022/5168,88.0,87,78,82,78,91.0,83.0,85,70,81,68,86,87,72.0,86,89,77.0,90,78,70,78.0,Software_Development,AI_ML
EG/2022/5169,82.0,75,76,90,91,76.0,89.0,90,80,78,81,80,88,82.0,74,87,71.0,83,84,93,87.0,AI_ML,Software_Development
EG/2022/5170,41.0,49,47,49,54,54.0,41.0,45,44,47,47,46,44,46.0,52,44,41.0,33,48,38,37.0,AI_ML,Software_Development
EG/2022/5171,65.0,63,76,64,75,66.0,65.0,67,75,69,67,64,69,63.0,71,43,62.0,67,63,57,60.0,AI_ML,Embedded_Systems
EG/2022/5172,58.0,64,54,57,69,63.0,40.0,65,62,80,76,70,69,67.0,62,67,65.0,58,64,61,67.0,Embedded_Systems,Software_Development
EG/2022/5173,66.0,52,38,47,49,48.0,48.0,56,47,59,45,50,57,46.0,72,48,41.0,55,45,49,61.0,Cyber_Security,Software_Development
EG/2022/5174,47.0,58,58,55,36,49.0,64.0,48,61,60,59,58,53,43.0,67,57,57.0,65,47,70,64.0,Cyber_Security,Embedded_Systems
EG/2022/5175,56.0,63,55,52,57,62.0,52.0,48,58,50,50,52,47,62.0,48,41,59.0,62,55,52,63.0,AI_ML,Embedded_Systems
EG/2022/5176,100.0,88,91,91,89,84.0,86.0,100,92,91,78,88,86,96.0,94,92,94.0,88,90,100,87.0,Cyber_Security,Software_Development
EG/2022/5177,79.0,71,76,84,80,74.0,72.0,62,78,82,85,74,79,97.0,80,69,66.0,76,83,80,75.0,Embedded_Systems,AI_ML
EG/2022/5178,82.0,81,82,83,84,90.0,90.0,82,70,80,87,77,82,68.0,78,84,88.0,79,79,98,70.0,AI_ML,Cyber_Security
EG/2022/5179,74.0,78,79,77,67,63.0,80.0,85,70,82,79,82,64,82.0,69,83,75.0,72,67,83,77.0,Software_Development,Cyber_Security
EG/2022/5180,53.0,63,62,55,58,44.0,60.0,54,64,45,57,47,67,41.0,61,51,53.0,54,48,57,57.0,Cyber_Security,Software_Development
EG/2022/5181,71.0,66,48,58,66,62.0,50.0,59,63,60,57,59,60,74.0,58,70,45.0,60,69,73,60.0,Embedded_Systems,Software_Development
EG/2022/5182,58.0,68,71,67,79,76.0,73.0,75,72,78,67,81,75,77.0,73,69,84.0,68,69,82,68.0,Cyber_Security,AI_ML
EG/2022/5183,64.0,71,55,41,60,57.0,51.0,51,61,51,54,51,62,47.0,47,58,55.0,45,50,58,62.0,Software_Development,AI_ML
EG/2022/5184,67.0,78,70,72,81,74.0,75.0,77,69,75,85,82,60,82.0,71,67,66.0,76,74,93,81.0,Embedded_Systems,AI_ML
EG/2022/5185,63.0,74,77,68,62,83.0,61.0,60,64,64,76,61,62,61.0,64,72,68.0,62,61,62,74.0,AI_ML,Software_Development
EG/2022/5186,60.0,62,59,59,63,62.0,61.0,71,64,58,69,56,61,66.0,66,70,66.0,56,59,57,57.0,Cyber_Security,AI_ML
EG/2022/5187,81.0,80,76,75,77,,82.0,86,73,85,77,65,74,78.0,58,80,85.0,82,70,72,72.0,AI_ML,Embedded_Systems
EG/2022/5188,62.0,79,77,77,74,68.0,60.0,72,74,66,75,83,72,86.0,73,71,71.0,86,83,86,82.0,Embedded_Systems,Cyber_Security
EG/2022/5189,67.0,72,60,67,71,65.0,76.0,54,62,66,64,56,74,76.0,58,54,64.0,70,68,74,63.0,AI_ML,Embedded_Systems
EG/2022/5190,96.0,89,69,74,86,86.0,85.0,78,72,85,75,87,87,78.0,92,79,77.0,77,91,78,78.0,AI_ML,Cyber_Security
EG/2022/5191,45.0,61,52,62,70,63.0,55.0,54,56,48,55,48,62,62.0,76,63,59.0,55,65,39,52.0,AI_ML,Cyber_Security
EG/2022/5192,77.0,73,83,83,91,65.0,82.0,79,66,76,66,85,76,78.0,73,76,70.0,86,59,74,75.0,AI_ML,Software_Development
EG/2022/5193,70.0,71,73,67,76,73.0,65.0,68,76,69,74,91,65,65.0,63,64,69.0,67,78,68,82.0,Software_Development,Embedded_Systems
EG/2022/5194,67.0,67,58,59,37,67.0,60.0,59,74,74,76,52,50,59.0,65,56,64.0,70,60,61,63.0,Embedded_Systems,Cyber_Security
EG/2022/5195,72.0,78,78,80,81,76.0,71.0,75,70,64,78,64,61,88.0,70,81,63.0,62,80,65,77.0,AI_ML,Software_Development
EG/2022/5196,48.0,51,51,52,49,53.0,63.0,60,45,48,47,58,56,55.0,67,56,64.0,65,48,42,56.0,Cyber_Security,AI_ML
EG/2022/5197,83.0,87,76,64,73,83.0,79.0,75,78,71,79,83,79,86.0,91,70,93.0,76,72,92,73.0,Cyber_Security,AI_ML
EG/2022/5198,78.0,76,67,56,63,60.0,69.0,56,60,56,60,71,64,64.0,72,53,63.0,81,56,61,60.0,Cyber_Security,Software_Development
EG/2022/5199,60.0,55,67,60,59,73.0,58.0,85,66,73,61,58,59,58.0,58,57,52.0,74,60,72,59.0,Embedded_Systems,AI_ML
EG/2022/5200,86.0,75,97,72,85,88.0,84.0,86,80,84,88,95,95,81.0,85,68,83.0,80,87,79,71.0,AI_ML,Embedded_Systems
EG/2022/5201,50.0,59,65,57,49,50.0,71.0,58,72,61,64,60,54,58.0,61,58,56.0,55,61,52,56.0,Embedded_Systems,Software_Development
EG/2022/5202,44.0,53,59,51,44,44.0,58.0,57,59,47,68,43,58,41.0,53,68,59.0,52,43,55,62.0,Cyber_Security,Software_Development
EG/2022/5203,53.0,46,46,60,52,42.0,49.0,48,48,56,58,48,49,42.0,38,38,44.0,48,64,47,49.0,Embedded_Systems,Software_Development
EG/2022/5204,86.0,85,68,73,80,80.0,80.0,81,80,70,77,67,75,80.0,83,74,79.0,72,80,74,70.0,AI_ML,Cyber_Security
EG/2022/5205,55.0,56,53,60,57,44.0,57.0,54,50,58,57,64,61,50.0,53,62,53.0,41,58,54,66.0,Software_Development,Cyber_Security
EG/2022/5206,87.0,89,90,99,84,87.0,93.0,90,89,83,88,84,99,89.0,88,94,84.0,85,98,83,83.0,Software_Development,Embedded_Systems
EG/2022/5207,43.0,33,35,53,36,46.0,51.0,42,40,39,35,46,41,45.0,39,42,45.0,35,32,32,36.0,AI_ML,Software_Development
EG/2022/5208,80.0,79,87,90,85,88.0,96.0,78,94,94,97,85,94,91.0,83,87,95.0,92,82,88,97.0,Embedded_Systems,AI_ML
EG/2022/5209,75.0,72,73,57,72,72.0,70.0,84,81,77,78,66,73,79.0,73,62,71.0,77,76,77,75.0,Embedded_Systems,Cyber_Security
EG/2022/5210,73.0,52,69,70,77,59.0,71.0,60,72,71,65,53,67,59.0,55,65,68.0,72,61,61,66.0,AI_ML,Embedded_Systems
EG/2022/5211,58.0,69,65,69,47,66.0,59.0,52,68,54,63,66,63,65.0,67,63,55.0,64,60,63,67.0,Software_Development,Embedded_Systems
EG/2022/5212,69.0,72,75,72,71,68.0,66.0,71,79,70,81,82,68,78.0,65,81,81.0,67,72,83,75.0,Cyber_Security,Embedded_Systems
EG/2022/5213,69.0,90,64,80,58,65.0,66.0,61,71,69,73,61,65,74.0,53,63,75.0,69,59,67,59.0,Embedded_Systems,Software_Development
EG/2022/5214,78.0,97,78,87,70,83.0,81.0,81,73,75,71,70,77,71.0,94,80,78.0,87,79,82,64.0,Cyber_Security,Software_Development
EG/2022/5215,69.0,68,61,73,76,70.0,58.0,74,81,79,71,75,76,71.0,63,63,69.0,65,76,70,65.0,Embedded_Systems,Software_Development
EG/2022/5216,85.0,69,82,77,74,70.0,76.0,77,82,53,69,58,69,82.0,65,71,80.0,71,75,65,77.0,Software_Development,AI_ML
EG/2022/5217,62.0,71,64,66,67,58.0,44.0,69,62,58,71,72,55,63.0,72,69,56.0,63,71,57,61.0,Software_Development,Embedded_Systems
EG/2022/5218,65.0,79,66,50,74,65.0,86.0,65,65,64,75,61,62,71.0,80,72,72.0,79,74,60,71.0,AI_ML,Embedded_Systems
EG/2022/5219,67.0,60,65,68,68,72.0,82.0,72,76,52,81,64,49,77.0,61,64,68.0,78,75,74,73.0,AI_ML,Embedded_Systems
EG/2022/5220,53.0,35,68,56,44,38.0,46.0,50,51,38,40,49,44,40.0,41,49,60.0,52,50,53,36.0,Cyber_Security,Software_Development
EG/2022/5221,51.0,47,44,46,67,49.0,52.0,40,50,56,46,45,52,65.0,46,47,52.0,40,54,57,49.0,AI_ML,Embedded_Systems
EG/2022/5222,72.0,81,74,75,75,80.0,79.0,81,68,77,85,72,76,80.0,83,84,86.0,78,73,74,79.0,Cyber_Security,AI_ML
EG/2022/5223,79.0,74,73,63,75,61.0,66.0,60,72,81,66,73,84,74.0,82,69,65.0,69,63,78,65.0,Cyber_Security,Software_Development
EG/2022/5224,76.0,73,70,78,66,74.0,67.0,80,70,77,55,49,70,54.0,58,55,57.0,65,61,68,63.0,AI_ML,Software_Development
EG/2022/5225,64.0,60,75,80,55,77.0,67.0,65,73,71,72,80,72,74.0,78,67,67.0,57,66,69,71.0,Cyber_Security,Software_Development
EG/2022/5226,59.0,56,85,66,58,63.0,72.0,71,75,74,68,72,61,76.0,67,75,74.0,65,68,49,73.0,Embedded_Systems,Software_Development
EG/2022/5227,69.0,68,65,63,57,71.0,63.0,56,60,62,74,52,59,73.0,64,63,58.0,61,64,56,69.0,Embedded_Systems,AI_ML
EG/2022/5228,54.0,53,51,54,66,58.0,49.0,54,66,40,61,52,55,56.0,50,55,64.0,66,60,48,61.0,Embedded_Systems,AI_ML
EG/2022/5229,76.0,56,69,75,76,73.0,71.0,86,71,61,71,77,65,63.0,69,66,69.0,66,73,75,64.0,AI_ML,Cyber_Security
EG/2022/5230,42.0,57,58,60,63,53.0,57.0,63,53,57,54,60,51,51.0,55,49,42.0,53,59,57,53.0,AI_ML,Software_Development
EG/2022/5231,79.0,78,87,79,66,79.0,74.0,62,72,77,84,83,60,69.0,71,70,77.0,85,81,65,73.0,Embedded_Systems,Software_Development
EG/2022/5232,39.0,47,38,50,59,50.0,46.0,58,35,50,50,43,39,40.0,50,42,41.0,45,48,50,57.0,AI_ML,Cyber_Security
EG/2022/5233,85.0,77,89,100,74,75.0,88.0,89,79,74,77,82,86,89.0,73,87,78.0,79,87,70,77.0,Software_Development,Embedded_Systems
EG/2022/5234,74.0,73,75,66,75,66.0,71.0,72,78,80,68,77,73,83.0,67,67,85.0,73,77,66,62.0,Embedded_Systems,Cyber_Security
EG/2022/5235,64.0,68,77,59,71,61.0,73.0,73,73,81,71,76,68,70.0,74,72,83.0,62,79,66,74.0,Cyber_Security,Embedded_Systems
EG/2022/5236,77.0,70,79,77,79,81.0,89.0,80,90,86,73,88,80,77.0,89,80,76.0,84,91,84,75.0,Embedded_Systems,AI_ML
EG/2022/5237,93.0,83,82,77,97,92.0,87.0,100,86,95,95,83,96,75.0,88,95,92.0,83,92,98,79.0,Cyber_Security,AI_ML
EG/2022/5238,81.0,84,85,70,75,85.0,82.0,75,84,76,68,79,80,85.0,84,88,76.0,80,81,76,80.0,AI_ML,Software_Development
EG/2022/5239,50.0,48,50,39,36,45.0,45.0,47,51,53,45,42,50,57.0,51,51,44.0,49,47,55,53.0,Embedded_Systems,Cyber_Security
EG/2022/5240,66.0,54,59,46,53,45.0,61.0,50,69,54,57,52,47,48.0,58,55,48.0,66,49,53,49.0,Embedded_Systems,Software_Development
EG/2022/5241,50.0,54,60,54,58,56.0,59.0,50,62,64,63,65,56,60.0,54,53,48.0,51,57,62,64.0,Embedded_Systems,AI_ML
EG/2022/5242,80.0,67,64,72,92,76.0,77.0,84,61,71,63,57,71,71.0,63,61,69.0,74,75,68,73.0,AI_ML,Software_Development
EG/2022/5243,75.0,59,63,71,79,71.0,73.0,66,80,73,79,82,87,86.0,69,68,76.0,80,67,73,80.0,Embedded_Systems,AI_ML
EG/2022/5244,53.0,61,65,58,56,60.0,53.0,61,72,53,53,51,69,61.0,73,65,55.0,55,71,62,54.0,Cyber_Security,Embedded_Systems
EG/2022/5245,61.0,80,73,77,63,63.0,75.0,58,68,70,70,68,74,72.0,74,71,78.0,74,69,75,62.0,Cyber_Security,Embedded_Systems
EG/2022/5246,58.0,49,52,54,46,61.0,57.0,56,65,66,63,68,60,60.0,62,65,56.0,70,79,53,52.0,Embedded_Systems,Software_Development
EG/2022/5247,67.0,57,57,59,53,57.0,65.0,64,69,58,64,63,70,51.0,63,68,56.0,55,56,59,66.0,Software_Development,Cyber_Security
EG/2022/5248,50.0,53,48,54,52,58.0,32.0,45,58,57,46,53,57,41.0,42,46,55.0,53,53,63,56.0,Cyber_Security,Software_Development
EG/2022/5249,67.0,66,47,43,67,62.0,57.0,61,58,62,65,49,41,51.0,70,57,46.0,60,54,58,50.0,AI_ML,Embedded_Systems
EG/2022/5250,42.0,49,46,35,60,48.0,49.0,50,47,50,52,44,44,59.0,55,52,58.0,56,46,54,67.0,Cyber_Security,AI_ML
EG/2022/5251,56.0,51,48,59,58,55.0,49.0,64,56,66,61,63,59,54.0,61,54,53.0,62,64,64,49.0,Embedded_Systems,Cyber_Security
EG/2022/5252,72.0,67,78,84,78,77.0,77.0,90,84,78,91,77,68,77.0,68,77,88.0,82,73,77,88.0,Embedded_Systems,Software_Development
EG/2022/5253,59.0,57,51,71,58,47.0,53.0,53,63,67,64,53,50,53.0,62,65,66.0,60,52,56,67.0,Cyber_Security,Embedded_Systems
EG/2022/5254,100.0,100,88,100,96,94.0,99.0,100,100,100,100,100,95,99.0,97,100,100.0,93,100,100,100.0,Cyber_Security,Embedded_Systems
EG/2022/5255,71.0,76,88,80,86,75.0,64.0,75,71,74,75,67,72,86.0,65,74,68.0,75,79,83,69.0,Embedded_Systems,AI_ML
EG/2022/5256,52.0,70,79,69,69,72.0,72.0,75,74,64,76,72,68,69.0,64,65,61.0,67,60,54,65.0,AI_ML,Software_Development
EG/2022/5257,59.0,60,52,60,57,59.0,67.0,58,64,57,59,58,56,52.0,49,62,48.0,49,62,53,56.0,AI_ML,Software_Development
EG/2022/5258,79.0,76,78,88,61,74.0,78.0,78,79,75,68,76,82,77.0,67,69,84.0,73,77,69,84.0,Software_Development,Embedded_Systems
EG/2022/5259,64.0,55,64,46,60,68.0,67.0,59,55,52,63,57,59,73.0,62,64,60.0,63,55,60,53.0,AI_ML,Cyber_Security
EG/2022/5260,78.0,75,78,72,75,70.0,77.0,70,68,68,71,65,67,66.0,67,73,65.0,73,64,63,57.0,AI_ML,Software_Development
EG/2022/5261,91.0,100,93,100,91,100.0,100.0,100,100,93,100,91,89,90.0,100,96,98.0,90,84,100,100.0,Cyber_Security,AI_ML
EG/2022/5262,72.0,67,74,69,62,54.0,80.0,71,57,71,66,70,74,63.0,79,69,74.0,60,79,68,71.0,Cyber_Security,Software_Development
EG/2022/5263,90.0,75,78,93,87,54.0,78.0,87,67,91,76,77,77,83.0,81,83,87.0,87,89,88,96.0,Cyber_Security,Software_Development
EG/2022/5264,47.0,69,50,55,49,62.0,55.0,65,70,51,64,66,52,64.0,44,59,63.0,63,51,66,50.0,Embedded_Systems,Cyber_Security
EG/2022/5265,70.0,72,73,67,75,58.0,73.0,67,71,80,58,66,69,75.0,66,68,72.0,74,73,72,67.0,Embedded_Systems,Cyber_Security
EG/2022/5266,86.0,85,98,89,86,88.0,94.0,91,93,88,99,82,84,82.0,98,90,91.0,99,85,87,97.0,Cyber_Security,Embedded_Systems
EG/2022/5267,60.0,67,79,45,58,58.0,66.0,53,53,54,59,59,57,54.0,60,61,63.0,64,67,61,61.0,Cyber_Security,AI_ML
EG/2022/5268,92.0,86,81,82,82,100.0,100.0,99,95,95,91,87,92,87.0,100,90,91.0,87,86,87,88.0,AI_ML,Cyber_Security
EG/2022/5269,73.0,71,81,69,79,79.0,77.0,57,78,73,80,84,74,81.0,80,69,76.0,77,74,67,82.0,AI_ML,Embedded_Systems
EG/2022/5270,57.0,56,58,67,78,62.0,64.0,61,50,61,65,59,77,52.0,48,60,67.0,73,59,68,57.0,AI_ML,Software_Development
EG/2022/5271,76.0,63,81,82,81,81.0,69.0,84,86,73,66,74,75,71.0,76,77,78.0,95,71,75,82.0,Software_Development,AI_ML
EG/2022/5272,72.0,83,69,82,74,82.0,95.0,70,81,74,85,90,84,76.0,82,80,74.0,83,89,69,71.0,AI_ML,Embedded_Systems
EG/2022/5273,68.0,63,67,81,83,72.0,73.0,78,73,81,78,79,62,82.0,83,82,79.0,79,82,79,65.0,Cyber_Security,Embedded_Systems
EG/2022/5274,54.0,41,44,48,47,57.0,47.0,44,47,47,45,61,43,53.0,62,53,51.0,54,50,48,47.0,Cyber_Security,AI_ML
EG/2022/5275,51.0,45,60,68,69,52.0,57.0,57,45,49,54,68,52,66.0,66,53,64.0,59,66,45,41.0,AI_ML,Cyber_Security
EG/2022/5276,70.0,64,61,65,71,67.0,61.0,72,69,69,63,59,58,74.0,68,64,64.0,73,54,55,66.0,Embedded_Systems,AI_ML
EG/2022/5277,70.0,66,72,68,47,56.0,62.0,68,69,59,58,74,70,65.0,72,65,73.0,74,59,62,55.0,Cyber_Security,Software_Development
EG/2022/5278,63.0,73,83,74,68,77.0,72.0,61,74,67,88,86,83,67.0,74,75,75.0,78,79,77,77.0,Embedded_Systems,Cyber_Security
EG/2022/5279,65.0,63,74,75,77,71.0,61.0,63,79,78,81,81,73,62.0,60,70,75.0,68,75,76,71.0,Embedded_Systems,Software_Development
EG/2022/5280,60.0,44,63,49,53,64.0,46.0,59,42,44,55,59,50,39.0,52,56,49.0,41,54,57,52.0,Software_Development,AI_ML
EG/2022/5281,66.0,76,75,79,65,62.0,86.0,76,68,56,71,79,68,69.0,75,74,70.0,78,59,77,76.0,Software_Development,Cyber_Security
EG/2022/5282,72.0,71,67,67,71,71.0,80.0,88,69,80,74,73,83,73.0,67,84,80.0,77,68,75,77.0,Software_Development,AI_ML
EG/2022/5283,78.0,77,84,67,61,80.0,81.0,86,73,73,80,69,89,80.0,84,76,72.0,70,78,87,73.0,Cyber_Security,Software_Development
EG/2022/5284,86.0,75,77,86,80,83.0,89.0,79,81,79,93,79,82,81.0,88,75,96.0,73,98,86,94.0,Cyber_Security,Embedded_Systems
EG/2022/5285,76.0,79,84,77,93,79.0,91.0,96,81,76,74,66,85,75.0,68,75,82.0,83,87,80,81.0,AI_ML,Software_Development
EG/2022/5286,69.0,83,85,70,79,67.0,61.0,74,71,75,66,83,76,73.0,83,78,74.0,62,85,77,79.0,Cyber_Security,Software_Development
EG/2022/5287,77.0,71,70,73,82,63.0,59.0,60,61,62,78,65,72,60.0,65,56,73.0,69,70,64,75.0,Software_Development,AI_ML
EG/2022/5288,60.0,45,38,44,54,57.0,42.0,44,60,58,36,57,40,55.0,43,39,45.0,54,50,48,53.0,Embedded_Systems,AI_ML
EG/2022/5289,80.0,75,67,72,80,73.0,,57,90,63,66,65,70,68.0,81,73,80.0,77,66,59,88.0,AI_ML,Cyber_Security
EG/2022/5290,71.0,69,80,80,84,73.0,68.0,82,71,74,69,78,73,63.0,70,77,77.0,68,77,68,72.0,Software_Development,AI_ML
EG/2022/5291,66.0,71,70,82,74,70.0,68.0,82,66,76,60,68,80,77.0,85,80,80.0,63,71,84,71.0,Cyber_Security,Software_Development
EG/2022/5292,47.0,50,53,64,51,44.0,54.0,46,63,47,60,44,47,57.0,47,51,50.0,57,58,54,48.0,Embedded_Systems,Cyber_Security
EG/2022/5293,59.0,54,60,53,62,62.0,55.0,53,45,48,61,66,41,43.0,43,62,46.0,63,55,56,53.0,AI_ML,Software_Development
EG/2022/5294,84.0,82,86,89,91,84.0,76.0,81,78,88,77,88,77,87.0,79,81,76.0,77,83,88,76.0,AI_ML,Software_Development
EG/2022/5295,77.0,61,69,61,64,84.0,52.0,61,63,61,76,69,75,62.0,73,57,66.0,71,67,70,72.0,Cyber_Security,Software_Development
EG/2022/5296,81.0,69,75,70,71,69.0,69.0,64,68,72,86,76,65,74.0,70,76,88.0,87,78,71,70.0,Embedded_Systems,Cyber_Security
EG/2022/5297,58.0,59,66,52,69,74.0,64.0,67,66,75,68,71,60,70.0,59,64,84.0,71,75,69,69.0,Embedded_Systems,Cyber_Security
EG/2022/5298,76.0,57,74,80,74,59.0,67.0,66,62,69,65,70,69,72.0,70,75,71.0,66,59,60,72.0,Software_Development,Cyber_Security
EG/2022/5299,72.0,71,83,73,85,80.0,71.0,77,79,67,95,74,78,82.0,69,79,79.0,87,69,81,80.0,Embedded_Systems,AI_ML
EG/2022/5300,59.0,63,60,61,52,69.0,58.0,63,62,74,67,59,66,61.0,64,53,59.0,57,65,56,56.0,Embedded_Systems,Software_Development
EG/2022/5301,71.0,63,77,63,83,55.0,61.0,79,65,65,71,83,61,66.0,67,59,75.0,60,79,76,74.0,Cyber_Security,Software_Development
EG/2022/5302,76.0,66,62,67,58,61.0,62.0,60,60,60,72,81,60,65.0,66,62,78.0,68,74,59,62.0,Cyber_Security,Embedded_Systems
EG/2022/5303,85.0,63,57,60,61,59.0,55.0,64,61,65,65,74,71,62.0,53,46,75.0,60,54,57,43.0,Software_Development,Cyber_Security
EG/2022/5304,69.0,51,59,55,58,59.0,58.0,69,70,69,61,68,56,77.0,73,61,72.0,62,61,64,57.0,Cyber_Security,Embedded_Systems
EG/2022/5305,69.0,75,64,74,90,73.0,62.0,75,70,84,71,68,81,75.0,69,72,79.0,66,60,73,80.0,AI_ML,Cyber_Security
EG/2022/5306,66.0,68,60,52,64,70.0,61.0,58,68,51,70,57,55,56.0,68,55,68.0,59,58,54,73.0,AI_ML,Cyber_Security
EG/2022/5307,89.0,76,92,77,77,82.0,77.0,84,87,89,69,78,89,80.0,90,90,83.0,93,91,79,87.0,Embedded_Systems,Software_Development
EG/2022/5308,55.0,60,52,43,63,59.0,64.0,61,61,62,55,53,55,58.0,49,66,52.0,69,57,58,63.0,AI_ML,Embedded_Systems
EG/2022/5309,78.0,60,67,56,71,67.0,69.0,58,75,65,75,81,58,75.0,72,59,66.0,78,63,75,60.0,Embedded_Systems,Cyber_Security
EG/2022/5310,64.0,63,58,64,61,63.0,62.0,72,55,68,59,75,59,73.0,53,61,66.0,70,67,45,61.0,Embedded_Systems,Software_Development
EG/2022/5311,89.0,77,84,72,91,78.0,80.0,95,82,92,96,91,89,83.0,76,92,75.0,89,80,90,94.0,Software_Development,Embedded_Systems
EG/2022/5312,75.0,58,60,60,65,78.0,73.0,65,83,61,80,64,70,64.0,84,70,69.0,60,82,68,73.0,Cyber_Security,AI_ML
EG/2022/5313,83.0,78,79,80,77,82.0,85.0,82,79,93,80,87,88,73.0,88,71,75.0,79,80,77,81.0,AI_ML,Software_Development
EG/2022/5314,56.0,49,49,46,36,53.0,51.0,55,30,39,46,49,60,52.0,65,49,57.0,65,47,45,49.0,Cyber_Security,Software_Development
EG/2022/5315,67.0,68,75,85,62,66.0,82.0,67,70,63,69,56,63,87.0,69,65,67.0,68,75,69,79.0,Embedded_Systems,AI_ML
EG/2022/5316,75.0,70,80,92,91,75.0,82.0,82,80,77,97,81,70,82.0,79,86,81.0,89,85,83,87.0,Embedded_Systems,AI_ML
EG/2022/5317,61.0,66,61,63,80,68.0,75.0,70,51,82,82,63,60,58.0,73,73,64.0,69,80,65,74.0,AI_ML,Embedded_Systems
EG/2022/5318,84.0,83,88,85,81,70.0,82.0,71,90,79,82,75,74,76.0,81,79,92.0,62,79,92,81.0,Cyber_Security,Software_Development
EG/2022/5319,67.0,61,63,67,73,50.0,67.0,65,57,62,58,60,70,57.0,57,63,50.0,66,69,66,59.0,Software_Development,AI_ML
EG/2022/5320,88.0,86,86,81,84,81.0,79.0,77,87,95,86,81,89,79.0,79,76,88.0,94,86,86,90.0,Embedded_Systems,Cyber_Security
EG/2022/5321,100.0,91,96,85,94,99.0,92.0,100,94,93,97,95,92,93.0,97,90,87.0,95,91,94,88.0,AI_ML,Embedded_Systems
EG/2022/5322,64.0,72,60,64,64,59.0,66.0,59,55,55,55,63,64,66.0,56,75,60.0,72,58,72,57.0,Software_Development,AI_ML
EG/2022/5323,67.0,54,64,61,62,56.0,65.0,62,55,60,63,50,72,67.0,55,63,64.0,51,55,72,52.0,Cyber_Security,AI_ML
EG/2022/5324,78.0,89,89,82,84,80.0,89.0,95,79,95,95,96,99,93.0,88,92,87.0,76,80,77,94.0,Software_Development,Embedded_Systems
EG/2022/5325,84.0,95,75,90,95,84.0,95.0,90,95,87,74,80,89,91.0,86,89,89.0,88,95,82,82.0,AI_ML,Embedded_Systems
EG/2022/5326,67.0,65,58,56,63,59.0,52.0,54,61,75,68,55,43,48.0,68,71,63.0,65,67,66,65.0,Cyber_Security,Embedded_Systems
EG/2022/5327,69.0,62,61,55,68,78.0,56.0,56,59,68,73,61,65,56.0,60,49,58.0,72,54,70,62.0,AI_ML,Embedded_Systems
EG/2022/5328,63.0,61,66,65,72,72.0,66.0,60,58,60,61,64,71,64.0,61,63,63.0,69,52,63,85.0,AI_ML,Software_Development
EG/2022/5329,51.0,59,60,55,55,59.0,47.0,55,60,52,64,62,53,53.0,55,63,52.0,44,44,47,55.0,Software_Development,AI_ML
EG/2022/5330,46.0,47,52,49,50,65.0,81.0,59,67,51,52,59,62,63.0,51,64,58.0,58,52,58,44.0,AI_ML,Embedded_Systems
EG/2022/5331,53.0,49,52,62,46,49.0,60.0,50,64,51,59,60,58,56.0,51,65,55.0,60,54,66,64.0,Cyber_Security,Embedded_Systems
EG/2022/5332,65.0,56,55,46,60,50.0,58.0,51,62,90,57,61,50,59.0,54,59,64.0,46,67,59,56.0,Embedded_Systems,Cyber_Security
EG/2022/5333,72.0,76,62,64,66,60.0,64.0,70,70,75,65,69,61,69.0,66,64,68.0,67,64,59,66.0,Embedded_Systems,Software_Development
EG/2022/5334,74.0,73,68,69,71,80.0,67.0,70,62,77,66,73,69,69.0,83,64,72.0,68,83,72,66.0,Cyber_Security,AI_ML
EG/2022/5335,87.0,80,92,82,86,83.0,87.0,100,85,82,91,73,94,87.0,77,79,84.0,82,75,92,88.0,Software_Development,AI_ML
EG/2022/5336,56.0,54,49,52,74,47.0,57.0,56,51,67,62,54,51,64.0,65,62,49.0,60,54,55,57.0,Embedded_Systems,AI_ML
EG/2022/5337,75.0,76,83,93,71,77.0,77.0,93,67,88,79,88,83,79.0,85,83,81.0,72,85,89,75.0,Cyber_Security,Software_Development
EG/2022/5338,70.0,60,54,59,52,64.0,64.0,57,73,79,56,93,68,65.0,76,65,74.0,68,71,71,62.0,Cyber_Security,Embedded_Systems
EG/2022/5339,70.0,74,63,84,70,69.0,77.0,56,63,80,70,59,79,67.0,89,71,71.0,71,65,67,68.0,Cyber_Security,AI_ML
EG/2022/5340,80.0,66,74,79,73,78.0,86.0,68,84,66,79,79,76,85.0,86,77,70.0,84,83,76,60.0,Embedded_Systems,AI_ML
EG/2022/5341,51.0,66,66,55,57,49.0,56.0,63,61,47,53,51,42,47.0,61,61,60.0,47,60,42,44.0,Software_Development,Cyber_Security
EG/2022/5342,58.0,78,71,76,77,77.0,63.0,85,76,66,86,87,77,85.0,63,79,70.0,62,68,81,84.0,Software_Development,Embedded_Systems
EG/2022/5343,78.0,78,55,88,79,66.0,74.0,65,74,63,59,61,85,62.0,62,63,75.0,72,72,68,72.0,AI_ML,Software_Development
EG/2022/5344,71.0,71,60,67,63,73.0,85.0,71,70,76,58,78,79,69.0,76,76,71.0,72,79,71,70.0,AI_ML,Cyber_Security
EG/2022/5345,65.0,70,72,64,68,76.0,81.0,63,84,68,66,62,66,77.0,60,60,74.0,92,67,68,60.0,Embedded_Systems,AI_ML
EG/2022/5346,100.0,87,100,92,100,93.0,100.0,85,98,100,100,95,90,100.0,100,98,94.0,100,100,100,97.0,Embedded_Systems,Cyber_Security
EG/2022/5347,58.0,57,63,61,66,56.0,70.0,65,62,74,53,60,54,51.0,45,65,57.0,61,54,52,67.0,AI_ML,Software_Development
EG/2022/5348,69.0,65,63,50,77,66.0,62.0,63,57,62,55,69,76,54.0,70,52,51.0,60,63,55,80.0,AI_ML,Software_Development
EG/2022/5349,65.0,70,69,61,67,55.0,65.0,61,54,74,67,53,58,62.0,58,58,64.0,52,52,60,74.0,Software_Development,AI_ML
EG/2022/5350,66.0,54,58,73,61,59.0,57.0,52,65,72,65,66,57,78.0,62,61,64.0,65,62,57,55.0,Embedded_Systems,Cyber_Security
EG/2022/5351,51.0,58,67,61,54,64.0,62.0,72,62,57,63,60,59,69.0,55,62,63.0,60,53,63,57.0,Software_Development,Embedded_Systems
EG/2022/5352,91.0,81,71,80,78,97.0,92.0,79,77,68,88,84,80,81.0,69,80,84.0,82,80,78,72.0,AI_ML,Software_Development
EG/2022/5353,87.0,75,79,81,81,89.0,81.0,89,75,84,82,92,96,68.0,94,77,80.0,86,74,96,79.0,Cyber_Security,Software_Development
EG/2022/5354,59.0,65,49,67,66,64.0,55.0,51,52,57,58,52,54,62.0,71,61,68.0,63,67,66,60.0,Cyber_Security,AI_ML
EG/2022/5355,59.0,53,56,52,60,62.0,59.0,57,66,59,64,64,66,61.0,56,46,65.0,46,61,63,55.0,Cyber_Security,AI_ML
EG/2022/5356,61.0,72,73,87,64,66.0,72.0,76,69,74,64,70,75,71.0,78,72,68.0,80,81,69,88.0,Software_Development,Embedded_Systems
EG/2022/5357,64.0,58,62,75,58,62.0,66.0,64,59,62,46,69,70,55.0,59,58,65.0,55,59,78,52.0,Cyber_Security,Software_Development
EG/2022/5358,68.0,70,76,77,82,75.0,72.0,77,86,79,73,78,87,77.0,78,75,82.0,75,84,73,75.0,Embedded_Systems,Cyber_Security
EG/2022/5359,61.0,70,64,70,73,73.0,82.0,74,63,62,77,69,71,64.0,76,67,67.0,79,71,65,56.0,AI_ML,Cyber_Security
EG/2022/5360,39.0,48,48,57,54,51.0,41.0,42,45,53,52,46,48,63.0,54,39,48.0,62,51,55,52.0,Embedded_Systems,Cyber_Security
EG/2022/5361,94.0,84,76,94,89,89.0,95.0,88,81,83,93,92,87,97.0,96,84,90.0,75,100,88,77.0,Cyber_Security,AI_ML
EG/2022/5362,85.0,84,99,84,100,87.0,84.0,90,100,91,75,98,89,94.0,93,96,79.0,90,86,84,97.0,Software_Development,AI_ML
EG/2022/5363,71.0,63,59,57,62,61.0,48.0,62,75,67,63,57,49,61.0,61,69,53.0,63,69,76,59.0,Embedded_Systems,Cyber_Security
EG/2022/5364,60.0,75,60,54,61,55.0,65.0,64,69,55,68,55,74,59.0,58,80,56.0,53,67,70,54.0,Software_Development,Embedded_Systems
EG/2022/5365,59.0,72,83,74,65,69.0,70.0,63,77,69,62,76,73,71.0,68,83,59.0,77,67,71,57.0,Software_Development,Embedded_Systems
EG/2022/5366,64.0,79,63,77,74,82.0,64.0,63,68,71,78,62,64,83.0,78,64,80.0,73,63,89,65.0,Cyber_Security,AI_ML
EG/2022/5367,85.0,66,68,66,59,78.0,64.0,60,90,72,75,67,61,82.0,65,73,62.0,77,69,82,78.0,Embedded_Systems,Cyber_Security
EG/2022/5368,91.0,93,84,89,91,92.0,92.0,98,94,98,100,85,76,94.0,100,92,95.0,86,100,92,95.0,Cyber_Security,Embedded_Systems
EG/2022/5369,62.0,58,65,56,64,79.0,73.0,72,72,61,51,63,71,72.0,64,65,72.0,69,78,82,62.0,Cyber_Security,AI_ML
EG/2022/5370,60.0,48,61,52,49,49.0,63.0,64,58,55,68,49,54,62.0,53,59,56.0,64,59,63,65.0,Embedded_Systems,Cyber_Security
EG/2022/5371,55.0,46,57,55,45,44.0,52.0,54,50,46,49,38,48,54.0,44,68,47.0,52,52,56,43.0,Software_Development,Embedded_Systems
EG/2022/5372,67.0,68,77,54,65,71.0,63.0,44,71,67,48,51,63,66.0,64,52,61.0,56,65,57,39.0,AI_ML,Embedded_Systems
EG/2022/5373,78.0,74,52,65,69,68.0,67.0,60,71,64,64,72,64,71.0,67,63,68.0,65,68,68,70.0,AI_ML,Cyber_Security
EG/2022/5374,87.0,91,94,78,90,88.0,80.0,91,100,93,91,81,93,96.0,100,100,97.0,91,97,87,99.0,Cyber_Security,Embedded_Systems
EG/2022/5375,53.0,51,58,63,64,53.0,52.0,63,64,76,69,59,62,63.0,53,57,43.0,62,64,72,71.0,Embedded_Systems,Software_Development
EG/2022/5376,68.0,69,67,70,71,74.0,69.0,69,65,70,83,84,70,69.0,67,73,64.0,77,72,59,62.0,Embedded_Systems,AI_ML
EG/2022/5377,70.0,70,63,63,77,72.0,67.0,70,64,76,78,67,57,64.0,67,75,72.0,64,63,77,64.0,AI_ML,Cyber_Security
EG/2022/5378,76.0,83,76,81,83,75.0,88.0,82,83,94,76,85,77,78.0,77,86,83.0,74,76,76,87.0,AI_ML,Software_Development
EG/2022/5379,92.0,85,100,100,88,97.0,100.0,99,94,100,100,92,100,87.0,98,100,100.0,100,76,98,94.0,Cyber_Security,Software_Development
EG/2022/5380,64.0,55,68,56,73,59.0,66.0,57,54,62,64,77,57,55.0,64,68,63.0,58,70,60,62.0,AI_ML,Software_Development
EG/2022/5381,62.0,62,62,52,65,64.0,60.0,69,71,67,58,58,71,56.0,66,56,61.0,68,61,58,57.0,Embedded_Systems,AI_ML
EG/2022/5382,81.0,84,90,93,76,73.0,71.0,78,77,72,79,79,97,77.0,91,77,78.0,81,78,85,73.0,Cyber_Security,Software_Development
EG/2022/5383,71.0,61,66,72,67,85.0,79.0,67,77,71,71,85,81,87.0,67,80,92.0,81,63,76,70.0,Cyber_Security,AI_ML
EG/2022/5384,89.0,89,81,89,93,97.0,94.0,85,92,86,90,89,100,89.0,93,76,100.0,83,86,85,97.0,AI_ML,Cyber_Security
EG/2022/5385,69.0,76,60,82,74,72.0,58.0,73,71,91,70,75,80,77.0,70,85,78.0,76,70,76,75.0,Embedded_Systems,Software_Development
EG/2022/5386,70.0,70,59,88,75,62.0,58.0,71,74,58,56,62,60,66.0,67,66,64.0,59,58,59,73.0,Software_Development,AI_ML
EG/2022/5387,82.0,80,76,66,73,74.0,70.0,75,67,69,78,73,76,86.0,78,76,79.0,67,77,71,79.0,Cyber_Security,Software_Development
EG/2022/5388,68.0,85,82,84,75,76.0,82.0,80,83,74,86,84,95,77.0,74,70,87.0,75,82,71,93.0,Software_Development,Embedded_Systems
EG/2022/5389,71.0,72,79,73,84,75.0,72.0,69,80,82,77,82,74,76.0,72,69,81.0,74,68,75,84.0,AI_ML,Embedded_Systems
EG/2022/5390,64.0,61,64,70,81,72.0,74.0,80,74,75,84,70,67,73.0,78,71,69.0,83,65,78,79.0,AI_ML,Embedded_Systems
EG/2022/5391,76.0,78,86,76,82,92.0,79.0,76,72,88,79,75,73,89.0,81,86,93.0,77,72,81,80.0,Cyber_Security,AI_ML
EG/2022/5392,81.0,89,84,74,87,89.0,81.0,81,88,87,80,78,81,91.0,80,67,84.0,73,95,95,100.0,Cyber_Security,AI_ML
EG/2022/5393,74.0,94,90,84,84,91.0,80.0,95,90,75,89,75,78,88.0,89,90,99.0,86,95,100,85.0,Cyber_Security,Embedded_Systems
EG/2022/5394,69.0,81,63,65,77,78.0,71.0,79,71,70,75,65,88,84.0,81,73,77.0,76,70,73,62.0,Cyber_Security,AI_ML
EG/2022/5395,59.0,69,68,73,74,58.0,58.0,55,71,76,67,68,68,67.0,62,64,64.0,63,52,60,68.0,Embedded_Systems,Software_Development
EG/2022/5396,71.0,72,61,70,74,69.0,72.0,57,72,68,52,76,77,69.0,64,72,79.0,69,71,78,63.0,Cyber_Security,AI_ML
EG/2022/5397,83.0,79,80,85,81,89.0,86.0,82,74,91,83,89,80,91.0,74,84,85.0,89,83,85,90.0,AI_ML,Embedded_Systems
EG/2022/5398,53.0,57,62,55,68,49.0,53.0,50,52,57,45,42,50,62.0,58,53,59.0,63,60,66,63.0,Cyber_Security,AI_ML
EG/2022/5399,74.0,84,73,70,56,77.0,83.0,77,80,66,64,71,63,67.0,62,77,64.0,77,78,75,71.0,Software_Development,AI_ML
EG/2022/5400,59.0,57,57,65,78,80.0,61.0,64,65,61,54,56,57,70.0,64,47,68.0,55,66,62,57.0,AI_ML,Cyber_Security
EG/2022/5401,66.0,80,68,60,56,76.0,79.0,70,64,62,61,69,71,67.0,77,65,65.0,89,61,67,69.0,AI_ML,Cyber_Security
EG/2022/5402,95.0,81,73,81,79,93.0,79.0,78,77,79,79,80,87,81.0,81,84,80.0,91,85,86,79.0,AI_ML,Cyber_Security
EG/2022/5403,80.0,80,78,64,70,72.0,56.0,82,67,72,67,74,75,77.0,67,68,67.0,74,76,69,76.0,Software_Development,Embedded_Systems
EG/2022/5404,59.0,59,67,62,68,75.0,71.0,88,65,72,73,68,58,68.0,83,56,72.0,60,63,77,72.0,Cyber_Security,AI_ML
EG/2022/5405,57.0,56,60,37,59,47.0,53.0,50,46,41,53,38,52,54.0,62,57,41.0,58,54,43,72.0,Software_Development,AI_ML
EG/2022/5406,83.0,72,73,86,70,83.0,77.0,79,65,77,64,70,70,82.0,72,68,75.0,73,73,85,74.0,Cyber_Security,AI_ML
EG/2022/5407,68.0,66,72,71,78,80.0,71.0,76,84,72,76,76,79,70.0,77,75,83.0,74,90,63,74.0,Embedded_Systems,AI_ML
EG/2022/5408,100.0,95,89,100,90,96.0,94.0,92,100,89,96,95,97,97.0,96,95,85.0,82,85,95,93.0,Software_Development,AI_ML
EG/2022/5409,75.0,71,70,72,66,74.0,61.0,58,55,65,62,54,56,74.0,66,64,66.0,56,72,62,64.0,AI_ML,Software_Development
EG/2022/5410,63.0,65,66,62,70,67.0,69.0,63,72,67,70,60,77,64.0,83,79,66.0,74,59,60,78.0,Cyber_Security,AI_ML
EG/2022/5411,65.0,60,76,63,72,70.0,77.0,63,65,81,72,71,87,74.0,72,71,68.0,78,84,57,69.0,Embedded_Systems,AI_ML
EG/2022/5412,94.0,86,84,100,83,88.0,88.0,90,85,95,92,77,93,81.0,89,90,99.0,92,79,79,100.0,Software_Development,Cyber_Security
EG/2022/5413,69.0,66,53,79,63,60.0,71.0,63,64,75,56,55,66,74.0,72,66,55.0,71,68,67,71.0,Embedded_Systems,Software_Development
EG/2022/5414,75.0,75,67,71,73,73.0,70.0,53,68,68,70,68,69,78.0,80,76,77.0,71,60,67,68.0,Cyber_Security,AI_ML
EG/2022/5415,78.0,82,67,77,82,63.0,73.0,78,89,69,86,72,74,73.0,82,85,72.0,72,66,68,70.0,Software_Development,Embedded_Systems
EG/2022/5416,73.0,70,70,66,66,78.0,62.0,70,67,71,80,64,65,86.0,74,71,67.0,72,77,80,78.0,Embedded_Systems,Cyber_Security
EG/2022/5417,53.0,76,54,66,57,63.0,60.0,72,57,62,69,58,64,70.0,52,68,55.0,68,70,54,63.0,Embedded_Systems,Software_Development
EG/2022/5418,78.0,72,77,65,75,67.0,47.0,73,65,66,74,70,62,75.0,67,81,76.0,70,72,75,70.0,Cyber_Security,Software_Development
EG/2022/5419,89.0,78,80,67,81,75.0,77.0,71,88,73,92,76,68,85.0,87,90,80.0,89,86,75,77.0,Embedded_Systems,Cyber_Security
EG/2022/5420,54.0,44,54,46,61,54.0,55.0,40,44,55,69,56,57,63.0,57,53,53.0,54,63,48,55.0,Embedded_Systems,AI_ML
EG/2022/5421,69.0,68,74,70,63,74.0,74.0,65,64,67,69,67,70,63.0,75,77,70.0,63,65,65,65.0,AI_ML,Cyber_Security
EG/2022/5422,49.0,57,66,52,47,63.0,58.0,55,70,64,53,61,56,61.0,73,61,58.0,60,50,64,69.0,Cyber_Security,Embedded_Systems
EG/2022/5423,86.0,89,82,82,79,77.0,85.0,89,84,87,80,88,73,85.0,74,90,68.0,83,82,73,87.0,Software_Development,Embedded_Systems
EG/2022/5424,54.0,53,44,42,44,44.0,34.0,50,51,57,71,56,52,47.0,58,54,46.0,49,46,52,48.0,Embedded_Systems,Cyber_Security
EG/2022/5425,61.0,53,49,56,61,66.0,61.0,69,76,52,50,70,54,65.0,59,63,68.0,70,64,55,60.0,Embedded_Systems,AI_ML
EG/2022/5426,80.0,74,68,78,68,67.0,61.0,63,74,75,69,78,72,81.0,79,76,62.0,78,76,67,73.0,Embedded_Systems,Software_Development
EG/2022/5427,84.0,91,82,89,92,87.0,78.0,94,82,82,77,88,99,84.0,86,89,79.0,77,82,90,87.0,Software_Development,AI_ML
EG/2022/5428,71.0,78,68,67,65,68.0,66.0,72,65,59,68,64,72,67.0,82,69,64.0,78,72,82,61.0,Cyber_Security,Software_Development
EG/2022/5429,54.0,68,59,67,62,64.0,70.0,47,53,58,53,59,52,56.0,62,60,56.0,42,66,55,48.0,AI_ML,Cyber_Security
EG/2022/5430,90.0,96,95,94,92,97.0,93.0,100,99,98,90,84,82,78.0,86,89,90.0,100,96,96,85.0,AI_ML,Embedded_Systems
EG/2022/5431,49.0,51,46,61,52,42.0,51.0,51,55,48,37,51,52,56.0,54,63,43.0,49,48,48,50.0,Software_Development,Embedded_Systems
EG/2022/5432,43.0,44,41,38,41,28.0,41.0,44,49,53,46,46,32,41.0,44,45,39.0,40,47,38,36.0,Embedded_Systems,Software_Development
EG/2022/5433,71.0,82,82,70,77,69.0,68.0,67,82,77,82,68,59,74.0,81,69,73.0,73,77,81,79.0,Cyber_Security,Embedded_Systems
EG/2022/5434,61.0,53,64,53,56,75.0,58.0,71,59,59,59,62,66,55.0,65,60,67.0,65,66,56,60.0,AI_ML,Cyber_Security
EG/2022/5435,62.0,53,55,53,66,70.0,59.0,47,49,64,55,51,58,54.0,73,63,64.0,56,67,48,69.0,AI_ML,Cyber_Security
EG/2022/5436,73.0,71,72,83,75,89.0,67.0,82,76,80,75,78,80,84.0,76,71,75.0,76,79,80,73.0,Embedded_Systems,AI_ML
EG/2022/5437,60.0,74,66,80,62,70.0,75.0,77,65,64,72,67,73,71.0,70,61,84.0,80,67,82,72.0,Cyber_Security,Software_Development
EG/2022/5438,73.0,70,55,68,63,49.0,59.0,54,62,74,61,56,61,61.0,57,51,60.0,65,53,66,59.0,Embedded_Systems,Cyber_Security
EG/2022/5439,62.0,48,49,40,47,36.0,58.0,67,61,54,58,48,48,54.0,53,41,58.0,46,61,43,56.0,Embedded_Systems,Cyber_Security
EG/2022/5440,69.0,62,84,86,83,74.0,85.0,80,77,79,87,82,82,70.0,80,69,92.0,84,81,74,86.0,Cyber_Security,AI_ML
EG/2022/5441,81.0,73,74,63,91,74.0,64.0,80,77,70,70,75,87,80.0,78,68,77.0,79,87,83,80.0,Cyber_Security,Embedded_Systems
EG/2022/5442,63.0,73,57,73,61,76.0,63.0,56,66,75,65,64,63,58.0,67,77,57.0,63,53,78,53.0,Cyber_Security,AI_ML
EG/2022/5443,92.0,94,100,88,92,96.0,84.0,100,96,94,96,92,83,84.0,86,90,91.0,96,97,92,94.0,Embedded_Systems,Software_Development
EG/2022/5444,57.0,58,57,60,43,57.0,42.0,47,50,60,45,52,47,48.0,49,53,51.0,54,53,51,48.0,Software_Development,Embedded_Systems
EG/2022/5445,48.0,48,40,40,53,43.0,42.0,57,34,46,36,58,44,48.0,47,40,48.0,48,47,61,48.0,Cyber_Security,Software_Development
EG/2022/5446,54.0,51,57,68,53,53.0,77.0,53,63,66,61,53,61,57.0,68,59,74.0,58,54,59,65.0,Cyber_Security,AI_ML
EG/2022/5447,63.0,71,68,57,63,69.0,72.0,63,74,74,71,66,52,67.0,77,55,59.0,50,74,63,60.0,Embedded_Systems,AI_ML
EG/2022/5448,65.0,65,83,66,63,76.0,84.0,76,74,66,66,61,74,65.0,70,68,73.0,67,75,65,79.0,AI_ML,Software_Development
EG/2022/5449,59.0,80,57,58,70,68.0,71.0,72,61,55,61,63,70,72.0,59,80,59.0,70,57,57,63.0,AI_ML,Software_Development
EG/2022/5450,72.0,76,79,60,79,65.0,67.0,63,64,76,67,60,60,78.0,72,77,70.0,72,73,92,87.0,Cyber_Security,Embedded_Systems
EG/2022/5451,48.0,49,63,54,53,58.0,50.0,61,56,42,47,58,46,52.0,68,52,58.0,44,58,63,53.0,Cyber_Security,Software_Development
EG/2022/5452,90.0,81,81,98,79,88.0,89.0,93,86,86,90,91,86,82.0,92,90,88.0,92,87,81,97.0,Software_Development,Embedded_Systems
EG/2022/5453,77.0,66,65,86,78,60.0,70.0,60,66,64,59,73,66,63.0,71,63,65.0,65,75,79,75.0,Cyber_Security,Software_Development
EG/2022/5454,77.0,80,74,82,76,76.0,77.0,93,94,90,80,82,85,79.0,88,76,77.0,73,79,85,77.0,Cyber_Security,Embedded_Systems
EG/2022/5455,74.0,80,71,80,57,77.0,62.0,62,65,69,66,66,71,62.0,83,84,74.0,88,56,75,63.0,Cyber_Security,Software_Development
EG/2022/5456,77.0,75,73,75,77,72.0,96.0,69,86,81,63,68,82,67.0,65,65,85.0,66,75,68,74.0,AI_ML,Software_Development
EG/2022/5457,78.0,70,79,78,67,86.0,74.0,78,75,71,81,86,73,81.0,72,72,69.0,81,76,71,71.0,Embedded_Systems,Software_Development
EG/2022/5458,74.0,87,81,71,80,77.0,71.0,67,61,80,70,83,66,75.0,70,76,87.0,68,76,73,84.0,Cyber_Security,Software_Development
EG/2022/5459,81.0,76,70,77,73,72.0,77.0,78,74,90,77,77,68,87.0,80,69,84.0,77,83,62,74.0,Embedded_Systems,Cyber_Security
EG/2022/5460,87.0,89,70,88,88,84.0,82.0,86,91,76,73,80,89,82.0,85,89,94.0,78,70,81,82.0,Cyber_Security,AI_ML
EG/2022/5461,62.0,66,70,66,80,71.0,71.0,69,68,72,65,80,71,68.0,76,68,73.0,62,69,70,61.0,AI_ML,Cyber_Security
EG/2022/5462,83.0,79,79,76,68,71.0,86.0,82,66,96,82,72,81,74.0,73,81,85.0,80,70,86,79.0,Cyber_Security,Software_Development
EG/2022/5463,73.0,69,69,67,63,61.0,66.0,65,66,67,85,69,71,65.0,77,71,60.0,70,58,63,59.0,Embedded_Systems,Software_Development
EG/2022/5464,80.0,72,83,91,85,90.0,77.0,87,79,86,71,95,71,81.0,85,84,81.0,93,85,91,88.0,Cyber_Security,AI_ML
EG/2022/5465,60.0,74,61,52,71,66.0,59.0,68,63,65,58,54,52,62.0,65,72,65.0,60,65,45,64.0,AI_ML,Embedded_Systems
EG/2022/5466,94.0,99,100,89,85,94.0,86.0,95,95,90,92,95,82,90.0,98,85,92.0,100,92,98,84.0,Cyber_Security,Embedded_Systems
EG/2022/5467,66.0,65,70,81,63,78.0,77.0,73,60,56,63,71,62,64.0,75,77,66.0,69,63,61,74.0,AI_ML,Software_Development
EG/2022/5468,58.0,43,48,59,54,47.0,59.0,43,46,59,57,51,48,60.0,53,59,33.0,55,50,52,49.0,Embedded_Systems,AI_ML
EG/2022/5469,86.0,72,66,79,65,81.0,70.0,73,75,56,63,63,77,83.0,75,82,66.0,60,76,72,59.0,Software_Development,AI_ML
EG/2022/5470,54.0,60,59,60,61,54.0,51.0,54,54,57,61,55,68,68.0,72,61,52.0,56,65,61,71.0,Cyber_Security,Software_Development
EG/2022/5471,68.0,81,90,80,67,71.0,70.0,69,71,87,74,80,76,82.0,82,73,82.0,82,74,77,72.0,Cyber_Security,Embedded_Systems
EG/2022/5472,62.0,62,59,67,76,48.0,60.0,60,52,58,69,50,58,66.0,55,75,59.0,60,56,51,64.0,Software_Development,AI_ML
EG/2022/5473,68.0,66,63,74,53,60.0,65.0,56,65,58,58,64,58,76.0,67,60,58.0,64,51,56,66.0,Software_Development,Embedded_Systems
EG/2022/5474,44.0,55,42,32,43,42.0,43.0,51,47,51,43,49,46,51.0,45,40,64.0,40,42,52,48.0,Cyber_Security,Embedded_Systems
EG/2022/5475,73.0,67,70,53,62,66.0,59.0,68,58,57,69,69,64,58.0,46,61,70.0,63,50,58,65.0,Software_Development,AI_ML
EG/2022/5476,30.0,32,53,48,52,41.0,35.0,26,39,30,32,29,45,42.0,42,32,46.0,40,53,38,32.0,AI_ML,Cyber_Security
EG/2022/5477,54.0,59,52,47,40,41.0,49.0,43,60,51,49,58,55,53.0,50,53,64.0,41,43,39,61.0,Software_Development,Cyber_Security
EG/2022/5478,73.0,89,78,72,91,74.0,60.0,67,70,76,64,89,61,70.0,85,73,83.0,82,85,83,84.0,Cyber_Security,Software_Development
EG/2022/5479,89.0,99,78,69,83,75.0,70.0,74,64,69,70,80,76,75.0,72,75,72.0,66,90,68,81.0,Software_Development,AI_ML
EG/2022/5480,87.0,65,56,69,76,61.0,69.0,76,76,78,76,66,83,81.0,63,80,67.0,74,75,80,64.0,Embedded_Systems,Software_Development
EG/2022/5481,51.0,58,62,47,50,50.0,65.0,55,56,60,49,54,53,44.0,58,61,63.0,69,56,49,50.0,Cyber_Security,Embedded_Systems
EG/2022/5482,64.0,53,68,82,71,62.0,62.0,63,62,65,64,67,75,59.0,70,68,53.0,72,58,75,72.0,Software_Development,Cyber_Security
EG/2022/5483,74.0,72,71,68,63,78.0,69.0,77,73,66,71,70,66,67.0,69,69,67.0,73,64,68,54.0,AI_ML,Software_Development
EG/2022/5484,51.0,50,49,54,63,55.0,56.0,38,60,57,50,54,55,57.0,54,54,39.0,48,65,50,56.0,AI_ML,Embedded_Systems
EG/2022/5485,86.0,100,83,90,79,91.0,95.0,95,71,94,92,88,78,77.0,79,83,87.0,98,88,97,77.0,AI_ML,Cyber_Security
EG/2022/5486,79.0,73,76,85,78,68.0,87.0,75,74,77,80,78,71,78.0,78,79,85.0,88,79,78,72.0,Cyber_Security,Embedded_Systems
EG/2022/5487,52.0,54,72,72,61,74.0,65.0,65,82,70,68,67,70,73.0,63,69,67.0,59,75,63,55.0,Embedded_Systems,AI_ML
EG/2022/5488,68.0,65,66,76,61,77.0,65.0,65,72,72,77,65,74,69.0,76,67,75.0,65,73,75,70.0,Cyber_Security,Embedded_Systems
EG/2022/5489,66.0,57,85,66,76,57.0,66.0,81,75,77,73,68,71,77.0,73,73,84.0,79,69,60,78.0,Embedded_Systems,Cyber_Security
EG/2022/5490,40.0,49,47,41,47,39.0,42.0,35,52,44,54,39,35,39.0,42,38,42.0,56,45,26,46.0,Embedded_Systems,AI_ML
EG/2022/5491,75.0,51,56,70,73,69.0,62.0,65,65,59,71,78,65,59.0,77,61,85.0,56,60,73,68.0,Cyber_Security,AI_ML
EG/2022/5492,51.0,60,59,56,47,64.0,64.0,64,65,57,56,70,69,66.0,58,55,61.0,53,56,54,61.0,Software_Development,Embedded_Systems
EG/2022/5493,62.0,41,51,56,63,51.0,59.0,45,61,58,65,60,68,59.0,60,52,63.0,55,55,62,61.0,Cyber_Security,Embedded_Systems
EG/2022/5494,63.0,62,49,67,82,62.0,69.0,58,68,77,66,74,62,,63,74,60.0,49,69,65,68.0,AI_ML,Embedded_Systems
EG/2022/5495,88.0,100,100,95,86,85.0,98.0,89,87,86,87,95,78,84.0,100,95,100.0,90,81,81,71.0,Cyber_Security,Software_Development
EG/2022/5496,81.0,78,81,63,89,76.0,89.0,69,77,81,78,77,82,87.0,76,68,83.0,84,76,80,82.0,AI_ML,Embedded_Systems
EG/2022/5497,64.0,55,65,66,59,70.0,62.0,55,57,59,69,51,59,55.0,62,64,71.0,51,58,58,67.0,AI_ML,Cyber_Security
EG/2022/5498,79.0,75,76,73,65,69.0,83.0,72,75,76,78,73,81,81.0,74,72,75.0,76,69,67,72.0,Embedded_Systems,Software_Development
EG/2022/5499,92.0,85,75,90,83,92.0,82.0,89,77,95,98,82,87,81.0,86,80,76.0,81,82,77,71.0,AI_ML,Embedded_Systems
EG/2022/5500,77.0,82,76,85,86,74.0,87.0,77,74,84,87,71,73,79.0,87,69,82.0,91,63,67,81.0,AI_ML,Embedded_Systems
EG/2022/5501,64.0,59,75,80,63,63.0,76.0,76,67,60,72,58,69,71.0,75,76,57.0,65,63,72,71.0,Software_Development,Cyber_Security
EG/2022/5502,53.0,64,53,70,56,66.0,67.0,53,54,56,53,64,69,46.0,60,51,58.0,71,53,54,57.0,AI_ML,Software_Development
EG/2022/5503,71.0,57,59,86,81,83.0,77.0,68,73,85,75,79,75,66.0,88,76,78.0,72,74,76,78.0,Cyber_Security,AI_ML
EG/2022/5504,93.0,68,71,83,73,79.0,68.0,86,72,74,73,65,65,73.0,79,66,89.0,78,57,71,80.0,Cyber_Security,Software_Development
EG/2022/5505,87.0,75,78,81,83,70.0,69.0,74,82,71,84,74,68,74.0,76,84,81.0,81,80,72,96.0,Software_Development,Embedded_Systems
EG/2022/5506,66.0,80,77,76,77,72.0,75.0,66,82,70,80,84,70,83.0,66,73,77.0,75,82,65,77.0,Embedded_Systems,AI_ML
EG/2022/5507,71.0,81,86,87,84,86.0,91.0,68,77,86,82,74,78,69.0,78,80,80.0,75,80,98,83.0,AI_ML,Cyber_Security
EG/2022/5508,65.0,52,66,67,59,62.0,59.0,69,71,69,62,63,67,66.0,64,61,52.0,64,65,61,56.0,Embedded_Systems,Software_Development
EG/2022/5509,88.0,77,86,82,85,76.0,89.0,81,90,84,89,82,76,74.0,88,86,84.0,81,80,97,80.0,Cyber_Security,AI_ML
EG/2022/5510,74.0,72,79,73,64,74.0,76.0,69,74,88,64,74,81,68.0,80,70,71.0,66,59,79,69.0,Cyber_Security,Software_Development
EG/2022/5511,91.0,92,82,93,100,88.0,91.0,92,94,99,100,87,84,85.0,85,93,86.0,100,93,91,100.0,Embedded_Systems,AI_ML
EG/2022/5512,59.0,56,63,54,55,72.0,69.0,67,62,58,45,60,76,73.0,57,56,51.0,64,64,61,65.0,AI_ML,Software_Development
EG/2022/5513,91.0,85,93,98,97,100.0,68.0,88,97,83,99,90,100,79.0,81,78,85.0,93,80,90,100.0,Software_Development,Embedded_Systems
EG/2022/5514,71.0,75,62,71,69,75.0,62.0,87,79,64,70,72,71,70.0,61,63,71.0,68,67,83,60.0,Cyber_Security,Software_Development
EG/2022/5515,45.0,57,50,75,62,70.0,54.0,61,70,63,67,61,49,48.0,56,65,57.0,59,58,66,51.0,AI_ML,Embedded_Systems
EG/2022/5516,61.0,62,57,51,59,63.0,56.0,70,62,59,65,65,62,73.0,65,60,55.0,60,82,57,70.0,Embedded_Systems,Software_Development
EG/2022/5517,58.0,79,60,60,57,70.0,67.0,70,68,76,67,79,61,67.0,70,60,66.0,67,66,67,74.0,Embedded_Systems,Cyber_Security
EG/2022/5518,74.0,63,78,73,61,83.0,75.0,73,82,83,77,91,64,74.0,66,63,77.0,78,60,79,73.0,Embedded_Systems,Cyber_Security
EG/2022/5519,95.0,61,70,82,67,76.0,77.0,70,70,79,80,70,76,85.0,69,62,75.0,74,59,66,43.0,Embedded_Systems,AI_ML
EG/2022/5520,64.0,67,55,64,59,59.0,65.0,63,59,53,59,45,55,62.0,49,56,57.0,56,66,65,56.0,AI_ML,Embedded_Systems
EG/2022/5521,66.0,63,63,70,69,56.0,61.0,71,68,63,75,72,63,69.0,69,74,72.0,73,85,77,70.0,Cyber_Security,Embedded_Systems
EG/2022/5522,100.0,91,100,86,100,93.0,85.0,90,100,100,86,95,92,95.0,89,90,92.0,94,92,88,87.0,Embedded_Systems,AI_ML
EG/2022/5523,92.0,83,89,81,86,94.0,92.0,90,95,85,89,96,85,93.0,100,92,80.0,79,86,84,90.0,AI_ML,Software_Development
EG/2022/5524,76.0,71,72,75,67,80.0,69.0,82,72,81,79,75,88,70.0,76,69,80.0,58,76,81,87.0,Cyber_Security,Software_Development
EG/2022/5525,73.0,80,68,59,58,72.0,57.0,83,58,72,75,69,65,67.0,67,73,71.0,71,63,66,78.0,Software_Development,Cyber_Security
EG/2022/5526,84.0,75,78,66,73,66.0,76.0,75,71,70,73,77,73,75.0,65,67,69.0,64,52,63,75.0,Software_Development,AI_ML
EG/2022/5527,67.0,81,70,79,85,62.0,85.0,88,69,70,73,84,76,77.0,65,67,64.0,78,83,82,75.0,AI_ML,Software_Development
EG/2022/5528,59.0,46,65,49,65,52.0,67.0,51,45,55,62,46,58,55.0,46,54,51.0,50,51,60,52.0,AI_ML,Software_Development
EG/2022/5529,58.0,57,66,76,70,63.0,66.0,70,56,66,60,59,68,55.0,61,78,79.0,66,72,66,70.0,Cyber_Security,Software_Development
EG/2022/5530,52.0,28,47,57,52,46.0,52.0,57,50,55,60,47,54,58.0,43,61,37.0,45,43,56,48.0,Embedded_Systems,Software_Development
EG/2022/5531,66.0,67,90,62,85,77.0,82.0,67,82,67,72,73,75,68.0,66,76,71.0,85,74,81,73.0,AI_ML,Embedded_Systems
EG/2022/5532,73.0,82,68,69,78,90.0,71.0,72,76,74,65,74,77,83.0,78,75,76.0,82,82,75,65.0,AI_ML,Embedded_Systems
EG/2022/5533,60.0,66,60,46,67,63.0,70.0,74,64,63,54,65,63,63.0,66,64,64.0,72,70,76,57.0,Cyber_Security,AI_ML
EG/2022/5534,94.0,85,78,81,85,85.0,89.0,80,95,92,87,94,86,78.0,84,89,76.0,87,89,98,92.0,Embedded_Systems,Software_Development
EG/2022/5535,60.0,53,60,59,44,51.0,60.0,44,42,47,54,65,47,62.0,67,53,55.0,59,55,39,46.0,Software_Development,Cyber_Security
EG/2022/5536,42.0,46,62,48,46,51.0,52.0,61,54,41,64,54,50,52.0,38,54,39.0,51,55,43,52.0,Embedded_Systems,Software_Development
EG/2022/5537,71.0,72,82,74,71,65.0,80.0,79,71,75,63,65,72,80.0,71,72,71.0,81,74,55,74.0,Embedded_Systems,Software_Development
EG/2022/5538,76.0,86,89,70,81,81.0,82.0,84,85,70,81,80,83,79.0,79,78,76.0,80,72,78,84.0,AI_ML,Software_Development
EG/2022/5539,79.0,77,87,94,100,91.0,78.0,88,85,97,81,88,89,93.0,84,80,82.0,78,79,80,92.0,AI_ML,Software_Development
EG/2022/5540,61.0,65,60,59,63,64.0,73.0,59,57,61,59,66,61,50.0,58,59,68.0,49,48,57,67.0,AI_ML,Software_Development
EG/2022/5541,79.0,87,69,81,89,84.0,74.0,83,82,70,93,84,81,77.0,81,87,79.0,93,86,89,77.0,Embedded_Systems,Cyber_Security
EG/2022/5542,85.0,65,82,67,64,71.0,76.0,79,79,64,60,82,64,59.0,66,67,71.0,71,65,55,57.0,Software_Development,AI_ML
EG/2022/5543,69.0,71,69,57,64,54.0,65.0,68,72,69,70,63,68,63.0,63,68,69.0,70,72,67,60.0,Embedded_Systems,Cyber_Security
EG/2022/5544,69.0,98,75,71,69,83.0,87.0,94,75,75,81,81,77,82.0,70,77,87.0,89,81,79,84.0,Software_Development,Embedded_Systems
EG/2022/5545,72.0,75,85,83,71,71.0,84.0,70,66,76,76,92,77,72.0,65,68,67.0,64,69,75,67.0,Software_Development,AI_ML
EG/2022/5546,56.0,52,42,52,53,41.0,52.0,49,37,54,53,45,56,55.0,47,47,56.0,47,48,50,42.0,Cyber_Security,Software_Development
EG/2022/5547,100.0,81,89,93,86,78.0,89.0,83,95,84,78,87,81,80.0,83,79,86.0,84,83,70,78.0,Software_Development,AI_ML
EG/2022/5548,73.0,86,83,87,91,88.0,88.0,77,78,78,96,78,89,91.0,83,77,82.0,90,80,79,72.0,AI_ML,Embedded_Systems
EG/2022/5549,47.0,64,65,61,62,59.0,46.0,59,58,58,74,61,61,70.0,60,69,52.0,56,67,71,52.0,Embedded_Systems,Cyber_Security
EG/2022/5550,86.0,74,72,61,70,61.0,74.0,76,82,83,73,67,87,80.0,69,70,77.0,64,90,64,80.0,Embedded_Systems,Software_Development
EG/2022/5551,77.0,67,64,72,89,77.0,66.0,78,63,86,91,81,72,72.0,72,69,67.0,65,82,86,69.0,AI_ML,Embedded_Systems
EG/2022/5552,65.0,73,72,71,70,61.0,72.0,86,82,57,68,72,76,56.0,65,82,75.0,79,71,61,59.0,Software_Development,Embedded_Systems
EG/2022/5553,65.0,72,69,75,70,62.0,53.0,65,60,69,64,55,62,65.0,72,67,75.0,56,70,51,58.0,Cyber_Security,Software_Development
EG/2022/5554,41.0,63,60,65,57,62.0,52.0,68,52,62,70,66,50,59.0,54,57,67.0,56,72,53,64.0,Embedded_Systems,Software_Development
EG/2022/5555,68.0,74,73,78,73,74.0,79.0,68,66,74,64,69,64,61.0,65,71,77.0,72,58,76,55.0,AI_ML,Cyber_Security
EG/2022/5556,84.0,80,75,86,89,95.0,90.0,94,77,78,72,89,88,78.0,77,80,77.0,77,91,78,89.0,AI_ML,Software_Development
EG/2022/5557,81.0,80,74,70,76,65.0,74.0,91,78,62,63,66,71,85.0,69,70,80.0,63,80,77,64.0,Cyber_Security,Software_Development
EG/2022/5558,56.0,66,59,64,47,63.0,65.0,67,59,68,78,66,48,56.0,64,67,56.0,52,72,64,61.0,Embedded_Systems,Software_Development
EG/2022/5559,78.0,71,82,79,77,75.0,76.0,70,64,71,74,83,77,81.0,77,75,76.0,77,83,77,74.0,Cyber_Security,Software_Development
EG/2022/5560,27.0,36,34,27,42,37.0,38.0,30,32,25,33,31,26,35.0,31,34,46.0,37,32,43,30.0,Cyber_Security,AI_ML
EG/2022/5561,84.0,75,87,79,85,83.0,77.0,84,72,73,74,73,83,79.0,80,89,78.0,80,96,87,81.0,AI_ML,Cyber_Security
EG/2022/5562,41.0,43,55,46,50,45.0,54.0,50,49,51,54,47,58,52.0,42,54,55.0,50,50,39,53.0,Embedded_Systems,AI_ML
EG/2022/5563,61.0,65,68,75,52,61.0,62.0,69,55,65,58,72,69,75.0,66,60,71.0,52,61,62,63.0,Software_Development,Cyber_Security
EG/2022/5564,48.0,57,56,40,50,47.0,52.0,58,51,60,51,62,65,52.0,69,58,62.0,44,58,67,50.0,Cyber_Security,Software_Development
EG/2022/5565,57.0,44,45,61,55,59.0,53.0,53,54,57,55,49,49,51.0,46,45,44.0,68,59,55,56.0,Embedded_Systems,AI_ML
EG/2022/5566,88.0,89,82,75,85,85.0,78.0,77,80,79,74,73,81,86.0,85,85,86.0,91,83,71,83.0,AI_ML,Embedded_Systems
EG/2022/5567,61.0,66,59,53,71,69.0,65.0,65,64,62,61,59,55,69.0,63,63,61.0,68,65,52,58.0,AI_ML,Embedded_Systems
EG/2022/5568,72.0,67,70,80,71,70.0,68.0,85,77,69,82,69,67,71.0,77,75,80.0,68,73,78,72.0,Cyber_Security,Embedded_Systems
EG/2022/5569,57.0,57,65,73,70,63.0,71.0,75,59,66,70,71,61,65.0,72,65,56.0,66,63,72,62.0,AI_ML,Cyber_Security
EG/2022/5570,72.0,73,67,83,74,66.0,82.0,77,73,67,75,73,65,58.0,75,88,76.0,74,68,67,68.0,AI_ML,Software_Development
EG/2022/5571,69.0,66,55,75,62,71.0,64.0,76,46,72,70,64,78,63.0,69,63,71.0,78,59,74,75.0,Cyber_Security,Software_Development
EG/2022/5572,71.0,53,48,67,37,45.0,52.0,50,54,60,50,60,38,45.0,50,59,39.0,55,63,64,56.0,Software_Development,Embedded_Systems
EG/2022/5573,72.0,77,81,84,83,93.0,83.0,76,78,74,94,81,90,85.0,75,73,74.0,84,78,90,85.0,AI_ML,Embedded_Systems
EG/2022/5574,72.0,48,53,61,63,53.0,59.0,57,55,71,56,65,71,60.0,61,66,49.0,61,38,73,67.0,Software_Development,Cyber_Security
EG/2022/5575,56.0,47,49,52,45,51.0,53.0,48,52,50,51,37,53,47.0,40,53,44.0,55,52,53,43.0,Embedded_Systems,AI_ML
EG/2022/5576,65.0,61,76,72,52,74.0,67.0,60,71,65,64,46,55,63.0,59,63,67.0,65,65,62,70.0,Embedded_Systems,AI_ML
EG/2022/5577,98.0,90,93,81,90,90.0,94.0,94,83,74,93,76,75,80.0,94,83,87.0,86,73,83,84.0,AI_ML,Cyber_Security
EG/2022/5578,81.0,73,90,74,76,79.0,74.0,75,72,66,86,75,74,89.0,79,79,79.0,73,72,78,85.0,Cyber_Security,Software_Development
EG/2022/5579,67.0,76,67,62,68,57.0,57.0,58,65,65,64,68,68,73.0,70,66,57.0,63,58,58,63.0,Software_Development,Embedded_Systems
EG/2022/5580,63.0,50,72,49,77,54.0,62.0,77,54,69,66,47,64,75.0,74,76,72.0,56,59,61,66.0,Cyber_Security,AI_ML
EG/2022/5581,73.0,73,59,65,49,70.0,57.0,61,60,59,66,75,57,69.0,63,58,64.0,64,73,73,67.0,Cyber_Security,Software_Development
EG/2022/5582,100.0,91,88,80,88,100.0,97.0,94,100,100,77,94,100,93.0,94,89,93.0,94,92,82,99.0,AI_ML,Software_Development
EG/2022/5583,68.0,79,53,73,71,70.0,64.0,76,73,78,61,82,84,84.0,70,75,79.0,56,70,62,61.0,Software_Development,Cyber_Security
EG/2022/5584,64.0,74,81,79,83,65.0,89.0,65,60,67,69,67,72,68.0,67,71,66.0,72,81,79,62.0,AI_ML,Cyber_Security
EG/2022/5585,79.0,88,91,77,69,63.0,89.0,89,68,81,76,84,81,74.0,74,80,82.0,72,84,78,85.0,Software_Development,Cyber_Security
EG/2022/5586,65.0,68,67,83,84,64.0,71.0,75,72,88,62,71,60,67.0,77,78,74.0,74,59,57,73.0,AI_ML,Software_Development
EG/2022/5587,64.0,57,63,55,66,64.0,71.0,76,71,56,70,71,62,69.0,66,45,61.0,69,61,64,59.0,AI_ML,Embedded_Systems
EG/2022/5588,74.0,76,60,74,65,77.0,54.0,61,54,69,66,64,69,60.0,79,61,70.0,63,68,64,68.0,Cyber_Security,Software_Development
EG/2022/5589,64.0,66,70,72,66,72.0,85.0,68,70,65,66,70,70,66.0,74,55,70.0,71,61,64,57.0,AI_ML,Cyber_Security
EG/2022/5590,67.0,69,75,56,64,70.0,63.0,68,77,73,59,75,64,56.0,62,59,67.0,72,82,72,90.0,Embedded_Systems,Software_Development
EG/2022/5591,77.0,85,65,96,84,74.0,76.0,79,90,86,76,72,75,80.0,83,94,76.0,75,78,67,86.0,Software_Development,Embedded_Systems
EG/2022/5592,75.0,61,71,68,61,65.0,56.0,58,71,66,50,70,65,58.0,66,73,72.0,79,63,69,73.0,Cyber_Security,Software_Development
EG/2022/5593,61.0,81,75,71,79,87.0,80.0,78,80,85,76,64,75,70.0,85,83,82.0,72,69,75,77.0,AI_ML,Cyber_Security
EG/2022/5594,63.0,63,68,57,64,68.0,59.0,57,52,83,67,72,70,76.0,64,66,67.0,77,74,67,63.0,Embedded_Systems,Cyber_Security
EG/2022/5595,70.0,68,72,67,64,54.0,70.0,71,84,69,71,83,55,77.0,62,74,77.0,67,64,57,60.0,Embedded_Systems,Software_Development
EG/2022/5596,52.0,45,43,43,62,39.0,40.0,29,40,50,33,35,44,47.0,38,32,49.0,38,47,40,43.0,AI_ML,Embedded_Systems
EG/2022/5597,76.0,68,78,80,82,73.0,71.0,66,72,75,81,78,81,81.0,74,86,66.0,77,71,79,73.0,Software_Development,Embedded_Systems
EG/2022/5598,59.0,67,71,70,76,68.0,67.0,78,70,72,65,78,68,68.0,66,66,62.0,64,73,76,67.0,AI_ML,Software_Development
EG/2022/5599,84.0,89,87,84,88,84.0,82.0,76,91,79,74,80,77,75.0,76,76,88.0,85,76,93,70.0,Cyber_Security,AI_ML
EG/2022/5600,29.0,39,36,31,25,32.0,25.0,26,49,39,38,34,30,31.0,39,37,32.0,25,31,39,35.0,Cyber_Security,Embedded_Systems
EG/2022/5601,85.0,93,95,80,100,93.0,88.0,100,94,100,100,90,90,82.0,100,95,94.0,100,87,96,90.0,Cyber_Security,Embedded_Systems
EG/2022/5602,62.0,68,57,65,49,76.0,71.0,69,73,66,67,63,66,68.0,57,67,74.0,60,74,75,70.0,Cyber_Security,Embedded_Systems
EG/2022/5603,80.0,79,79,65,76,76.0,100.0,87,82,92,76,81,82,82.0,90,72,81.0,87,78,79,84.0,AI_ML,Cyber_Security
EG/2022/5604,51.0,65,62,58,52,69.0,59.0,54,48,66,57,56,41,49.0,52,56,56.0,56,55,66,57.0,AI_ML,Cyber_Security
EG/2022/5605,60.0,74,76,68,79,71.0,69.0,94,86,81,82,67,80,86.0,78,82,69.0,77,75,83,94.0,Embedded_Systems,Software_Development
EG/2022/5606,62.0,57,60,57,57,56.0,53.0,51,51,52,60,55,53,60.0,44,52,58.0,51,67,52,61.0,Embedded_Systems,Software_Development
EG/2022/5607,69.0,69,73,70,59,59.0,61.0,73,71,56,80,71,74,65.0,64,70,65.0,63,67,74,52.0,Software_Development,Cyber_Security
EG/2022/5608,96.0,86,98,84,91,92.0,89.0,91,100,85,86,88,83,88.0,77,85,87.0,92,97,94,94.0,Embedded_Systems,AI_ML
EG/2022/5609,58.0,77,66,73,59,69.0,72.0,54,70,72,67,57,60,66.0,68,66,59.0,56,55,81,65.0,Cyber_Security,AI_ML
EG/2022/5610,69.0,60,67,68,60,74.0,72.0,74,83,62,81,70,69,75.0,72,81,89.0,64,66,73,61.0,Cyber_Security,Embedded_Systems
EG/2022/5611,78.0,90,61,91,84,73.0,85.0,81,94,83,89,73,81,80.0,80,74,78.0,75,87,75,68.0,Embedded_Systems,AI_ML
EG/2022/5612,78.0,71,73,71,79,66.0,72.0,67,73,66,60,65,60,85.0,69,81,69.0,69,66,69,77.0,AI_ML,Software_Development
EG/2022/5613,74.0,68,68,64,81,87.0,79.0,63,64,76,70,71,64,68.0,74,84,75.0,79,70,67,75.0,AI_ML,Cyber_Security
EG/2022/5614,67.0,59,75,77,67,69.0,71.0,72,59,73,83,67,77,69.0,75,74,72.0,72,65,68,65.0,Cyber_Security,Software_Development
EG/2022/5615,97.0,94,96,94,100,100.0,90.0,99,100,100,100,92,90,100.0,95,93,89.0,91,90,100,100.0,Embedded_Systems,AI_ML
EG/2022/5616,71.0,60,65,61,65,56.0,83.0,50,64,75,72,68,77,58.0,72,62,71.0,64,79,67,69.0,Cyber_Security,Embedded_Systems
EG/2022/5617,81.0,66,58,67,79,68.0,58.0,78,78,80,68,60,67,77.0,70,80,64.0,67,75,59,79.0,Embedded_Systems,Software_Development
EG/2022/5618,86.0,80,74,80,88,80.0,75.0,77,75,91,74,68,74,72.0,84,90,92.0,79,87,82,88.0,Cyber_Security,AI_ML
EG/2022/5619,87.0,88,85,91,83,85.0,77.0,72,92,82,97,86,86,86.0,80,91,85.0,74,87,82,80.0,Embedded_Systems,Software_Development
EG/2022/5620,83.0,84,94,69,80,63.0,100.0,89,77,74,87,69,93,78.0,84,82,80.0,77,81,79,94.0,Software_Development,AI_ML
EG/2022/5621,86.0,78,75,76,82,77.0,88.0,75,67,68,70,69,79,79.0,80,83,76.0,81,71,78,68.0,AI_ML,Cyber_Security
EG/2022/5622,57.0,47,57,59,59,46.0,65.0,63,53,40,53,42,63,61.0,51,54,61.0,56,51,54,71.0,Software_Development,AI_ML
EG/2022/5623,82.0,81,94,89,83,90.0,85.0,91,84,80,90,84,99,89.0,79,81,89.0,87,86,92,81.0,Software_Development,Cyber_Security
EG/2022/5624,64.0,67,49,63,45,47.0,71.0,54,58,55,58,57,48,46.0,56,62,69.0,54,67,58,54.0,Cyber_Security,Software_Development
EG/2022/5625,77.0,66,74,71,70,66.0,74.0,71,71,68,65,72,78,65.0,80,83,80.0,71,62,74,68.0,Cyber_Security,Software_Development
EG/2022/5626,56.0,71,54,58,70,57.0,66.0,62,63,58,55,76,48,54.0,61,52,62.0,57,55,50,56.0,AI_ML,Software_Development
EG/2022/5627,64.0,66,73,71,75,60.0,68.0,64,65,71,56,75,70,54.0,69,60,61.0,71,61,82,88.0,Cyber_Security,Software_Development
EG/2022/5628,74.0,72,73,73,64,69.0,72.0,66,67,70,79,65,71,80.0,72,72,71.0,75,79,61,69.0,Embedded_Systems,Software_Development
EG/2022/5629,75.0,79,74,69,64,64.0,70.0,76,68,64,69,63,81,73.0,77,79,75.0,61,85,71,78.0,Software_Development,Cyber_Security
EG/2022/5630,74.0,82,68,77,82,60.0,72.0,72,87,73,76,92,81,65.0,72,65,67.0,72,75,65,71.0,Software_Development,Embedded_Systems
EG/2022/5631,90.0,87,92,83,79,94.0,92.0,88,89,81,97,95,91,98.0,84,89,96.0,77,90,90,94.0,Cyber_Security,Software_Development
EG/2022/5632,85.0,71,88,69,77,64.0,76.0,81,60,72,75,78,76,69.0,81,69,67.0,78,74,74,70.0,Software_Development,Cyber_Security
EG/2022/5633,73.0,65,58,61,61,64.0,65.0,64,61,74,64,66,69,67.0,61,70,61.0,70,68,64,67.0,Embedded_Systems,Software_Development
EG/2022/5634,81.0,82,77,89,91,85.0,90.0,80,80,78,81,81,80,74.0,86,74,76.0,75,85,90,84.0,AI_ML,Cyber_Security
EG/2022/5635,89.0,89,84,60,77,78.0,62.0,78,95,95,83,72,82,68.0,90,88,87.0,81,85,90,77.0,Cyber_Security,Embedded_Systems
EG/2022/5636,46.0,53,59,56,61,47.0,57.0,56,60,63,62,54,63,44.0,57,52,48.0,38,57,51,73.0,Software_Development,AI_ML
EG/2022/5637,78.0,80,71,75,76,77.0,80.0,78,69,71,77,76,86,72.0,66,69,63.0,82,81,81,80.0,AI_ML,Software_Development
EG/2022/5638,89.0,88,57,65,78,84.0,84.0,83,93,69,73,70,75,83.0,77,77,84.0,81,64,87,75.0,Cyber_Security,AI_ML
EG/2022/5639,63.0,67,74,67,51,56.0,64.0,60,64,64,72,61,66,,63,51,61.0,72,64,72,60.0,Embedded_Systems,Cyber_Security
EG/2022/5640,79.0,87,90,88,69,83.0,86.0,81,93,93,93,95,85,85.0,81,81,77.0,95,87,84,85.0,Embedded_Systems,Software_Development
EG/2022/5641,62.0,56,54,70,65,54.0,73.0,72,58,63,57,65,55,52.0,67,69,61.0,58,69,55,58.0,AI_ML,Software_Development
EG/2022/5642,62.0,51,65,51,71,67.0,80.0,71,53,76,80,84,67,78.0,75,57,82.0,76,68,72,82.0,Cyber_Security,AI_ML
EG/2022/5643,60.0,69,77,75,58,66.0,64.0,60,56,74,68,54,77,67.0,63,48,61.0,76,67,71,69.0,Embedded_Systems,Software_Development
EG/2022/5644,66.0,68,78,63,61,62.0,70.0,77,45,63,70,65,63,67.0,67,52,67.0,58,63,63,68.0,Software_Development,Cyber_Security
EG/2022/5645,45.0,51,61,60,59,52.0,67.0,43,70,50,62,44,70,63.0,53,64,52.0,54,42,55,62.0,AI_ML,Embedded_Systems
EG/2022/5646,51.0,52,49,56,55,41.0,36.0,56,52,56,47,42,59,59.0,59,50,42.0,48,58,50,46.0,Embedded_Systems,Software_Development
EG/2022/5647,93.0,87,88,81,86,88.0,82.0,78,81,88,94,81,90,95.0,85,83,82.0,93,79,97,79.0,Embedded_Systems,Cyber_Security
EG/2022/5648,51.0,66,57,62,63,65.0,68.0,71,61,53,55,60,62,56.0,49,64,49.0,41,57,71,57.0,AI_ML,Software_Development
EG/2022/5649,67.0,57,64,53,48,48.0,64.0,45,57,54,46,58,50,49.0,45,53,63.0,69,51,64,57.0,Cyber_Security,Software_Development
EG/2022/5650,46.0,37,36,28,40,38.0,46.0,50,47,42,35,37,40,49.0,45,44,43.0,41,53,42,46.0,Embedded_Systems,Cyber_Security
EG/2022/5651,68.0,67,55,69,72,64.0,57.0,60,69,49,64,45,70,51.0,55,61,78.0,67,60,68,50.0,Cyber_Security,AI_ML
EG/2022/5652,48.0,51,59,47,53,61.0,46.0,50,50,57,46,62,48,66.0,57,49,47.0,52,50,57,49.0,Cyber_Security,Embedded_Systems
EG/2022/5653,94.0,91,87,82,89,77.0,84.0,89,82,84,99,86,95,88.0,78,90,82.0,91,93,87,66.0,Embedded_Systems,Software_Development
EG/2022/5654,72.0,77,90,77,96,79.0,91.0,85,86,61,88,72,70,73.0,76,86,91.0,64,95,95,72.0,AI_ML,Cyber_Security
EG/2022/5655,66.0,55,55,62,50,62.0,55.0,53,65,60,69,62,51,51.0,50,58,67.0,57,63,55,65.0,Embedded_Systems,Software_Development
EG/2022/5656,96.0,96,95,95,100,94.0,96.0,89,96,90,96,96,100,86.0,98,92,98.0,100,92,99,100.0,Cyber_Security,AI_ML
EG/2022/5657,84.0,80,73,84,91,62.0,75.0,84,95,92,82,78,80,81.0,84,77,72.0,82,85,86,72.0,Embedded_Systems,Cyber_Security
EG/2022/5658,56.0,67,64,55,62,68.0,70.0,52,61,60,56,65,60,64.0,66,48,76.0,53,53,62,62.0,Cyber_Security,AI_ML
EG/2022/5659,32.0,36,28,33,44,49.0,34.0,34,32,30,45,30,48,29.0,30,40,,38,38,42,38.0,AI_ML,Cyber_Security
EG/2022/5660,100.0,83,92,95,89,96.0,95.0,100,98,99,98,100,100,93.0,90,87,92.0,90,100,100,100.0,Embedded_Systems,Software_Development
EG/2022/5661,45.0,48,41,65,47,44.0,40.0,45,47,47,55,44,58,42.0,53,56,59.0,45,52,53,62.0,Cyber_Security,Software_Development
EG/2022/5662,51.0,54,53,47,51,45.0,37.0,56,52,43,60,44,44,52.0,36,48,48.0,38,49,52,49.0,Software_Development,Embedded_Systems
EG/2022/5663,71.0,78,85,88,86,93.0,80.0,76,74,84,76,85,78,80.0,79,81,72.0,85,80,81,78.0,AI_ML,Software_Development
EG/2022/5664,100.0,96,85,98,100,100.0,88.0,100,94,90,96,100,99,95.0,100,100,98.0,100,95,100,87.0,Cyber_Security,Software_Development
EG/2022/5665,76.0,92,94,81,96,89.0,99.0,89,98,74,87,96,89,76.0,83,78,79.0,99,87,83,85.0,AI_ML,Embedded_Systems
EG/2022/5666,79.0,70,92,73,74,77.0,60.0,83,72,87,68,82,71,73.0,64,77,54.0,64,80,73,89.0,Software_Development,Embedded_Systems
EG/2022/5667,80.0,64,75,74,83,71.0,70.0,74,70,79,74,73,76,72.0,71,77,69.0,81,73,75,84.0,Software_Development,Embedded_Systems
EG/2022/5668,73.0,77,74,82,76,77.0,78.0,92,86,76,82,67,80,80.0,74,77,75.0,84,61,87,79.0,Cyber_Security,Embedded_Systems
EG/2022/5669,81.0,74,97,87,83,77.0,75.0,73,70,77,75,87,86,78.0,92,71,69.0,73,80,65,79.0,Software_Development,AI_ML
EG/2022/5670,73.0,65,62,74,73,75.0,64.0,73,67,75,81,81,77,77.0,83,76,75.0,65,86,65,67.0,Embedded_Systems,Cyber_Security
EG/2022/5671,65.0,68,69,78,72,80.0,63.0,71,73,76,59,65,59,66.0,74,74,64.0,62,67,85,67.0,Cyber_Security,AI_ML
EG/2022/5672,60.0,71,69,60,70,75.0,60.0,59,74,62,75,74,66,54.0,65,68,71.0,64,57,69,68.0,AI_ML,Cyber_Security
EG/2022/5673,45.0,59,68,56,48,49.0,57.0,57,67,62,64,57,52,66.0,67,51,50.0,60,64,56,60.0,Embedded_Systems,Cyber_Security
EG/2022/5674,67.0,67,67,60,57,66.0,78.0,66,59,61,61,75,69,58.0,57,61,71.0,74,77,70,72.0,Software_Development,AI_ML
EG/2022/5675,37.0,60,44,50,48,53.0,48.0,45,52,46,41,44,54,40.0,55,47,39.0,55,51,42,54.0,AI_ML,Software_Development
EG/2022/5676,67.0,64,60,64,55,71.0,75.0,84,64,68,52,81,68,67.0,73,72,50.0,56,79,52,70.0,Software_Development,AI_ML
EG/2022/5677,54.0,58,54,61,62,52.0,60.0,50,52,56,51,62,54,58.0,55,45,65.0,51,62,59,49.0,Cyber_Security,AI_ML
EG/2022/5678,60.0,51,48,48,61,75.0,63.0,63,63,60,62,67,55,51.0,63,51,49.0,64,60,50,48.0,AI_ML,Embedded_Systems
EG/2022/5679,68.0,64,70,70,72,61.0,51.0,76,66,74,70,67,72,66.0,67,67,82.0,65,67,71,64.0,Cyber_Security,Software_Development
EG/2022/5680,82.0,81,81,90,77,77.0,83.0,85,87,74,93,88,80,82.0,76,84,89.0,84,87,87,86.0,Embedded_Systems,Software_Development
EG/2022/5681,84.0,76,69,65,89,81.0,88.0,73,80,70,75,72,70,89.0,86,70,85.0,67,79,80,65.0,AI_ML,Cyber_Security
EG/2022/5682,51.0,52,58,64,63,64.0,45.0,44,42,47,54,55,35,49.0,49,48,56.0,57,49,37,49.0,AI_ML,Software_Development
EG/2022/5683,58.0,73,53,54,57,50.0,68.0,52,63,69,51,62,65,49.0,60,54,57.0,43,54,56,66.0,Software_Development,AI_ML
EG/2022/5684,83.0,74,70,65,83,77.0,90.0,67,83,73,73,96,83,73.0,92,72,80.0,68,81,82,84.0,Cyber_Security,AI_ML
EG/2022/5685,45.0,53,55,57,58,64.0,53.0,49,42,55,55,60,59,54.0,51,55,65.0,64,47,46,54.0,AI_ML,Software_Development
EG/2022/5686,71.0,65,66,66,69,65.0,62.0,55,67,62,61,70,74,67.0,64,62,66.0,79,71,55,60.0,Embedded_Systems,Software_Development
EG/2022/5687,79.0,77,62,74,74,72.0,68.0,84,69,71,64,71,66,78.0,86,78,70.0,73,68,67,80.0,Software_Development,Cyber_Security
EG/2022/5688,49.0,58,59,63,56,60.0,52.0,61,64,58,55,60,44,57.0,61,50,60.0,56,55,62,59.0,Cyber_Security,Embedded_Systems
EG/2022/5689,68.0,78,62,74,76,71.0,61.0,75,59,79,70,67,72,63.0,64,70,54.0,76,72,55,68.0,Software_Development,Embedded_Systems
EG/2022/5690,52.0,35,64,54,68,59.0,55.0,56,49,55,61,53,54,49.0,45,46,61.0,54,46,58,48.0,AI_ML,Cyber_Security
EG/2022/5691,60.0,44,64,64,51,70.0,51.0,62,63,55,67,62,49,66.0,57,57,70.0,58,47,64,61.0,Cyber_Security,Embedded_Systems
EG/2022/5692,74.0,68,69,71,71,74.0,76.0,82,72,91,80,69,74,64.0,67,74,80.0,68,69,70,70.0,Embedded_Systems,AI_ML
EG/2022/5693,59.0,57,44,61,41,51.0,53.0,45,54,49,54,49,46,46.0,51,51,57.0,38,39,39,54.0,Software_Development,Cyber_Security
EG/2022/5694,81.0,62,73,63,84,75.0,62.0,74,63,69,76,71,68,77.0,74,70,73.0,75,78,68,82.0,AI_ML,Embedded_Systems
EG/2022/5695,59.0,47,72,69,64,71.0,79.0,73,79,78,59,65,65,74.0,70,66,67.0,67,60,73,58.0,AI_ML,Cyber_Security
EG/2022/5696,79.0,79,74,75,65,75.0,78.0,65,78,71,76,82,58,73.0,69,64,66.0,72,85,83,66.0,Embedded_Systems,AI_ML
EG/2022/5697,80.0,72,69,76,75,71.0,76.0,92,80,82,75,72,67,68.0,70,81,83.0,64,71,63,80.0,Software_Development,AI_ML
EG/2022/5698,87.0,77,85,78,97,93.0,79.0,85,90,78,95,87,79,75.0,70,89,81.0,78,85,92,86.0,AI_ML,Software_Development
EG/2022/5699,77.0,63,65,57,74,80.0,74.0,70,69,80,74,59,73,73.0,71,74,72.0,74,56,74,62.0,AI_ML,Cyber_Security
EG/2022/5700,77.0,56,60,64,64,52.0,71.0,72,54,64,72,66,62,72.0,71,52,65.0,69,64,63,70.0,Cyber_Security,Embedded_Systems
EG/2022/5701,77.0,70,55,71,72,70.0,69.0,76,66,79,62,73,74,87.0,59,65,60.0,67,69,64,72.0,Embedded_Systems,AI_ML
EG/2022/5702,76.0,70,81,85,84,70.0,89.0,75,86,88,72,72,57,77.0,78,72,62.0,71,65,70,90.0,AI_ML,Embedded_Systems
EG/2022/5703,76.0,72,71,60,62,66.0,69.0,69,78,61,72,83,63,68.0,64,55,69.0,63,69,81,67.0,Cyber_Security,Embedded_Systems
EG/2022/5704,70.0,49,63,77,68,71.0,76.0,58,64,77,77,52,72,62.0,74,75,65.0,75,66,70,76.0,AI_ML,Embedded_Systems
EG/2022/5705,60.0,54,73,76,56,64.0,62.0,56,40,50,59,65,57,46.0,61,70,59.0,60,58,69,49.0,Cyber_Security,Software_Development
EG/2022/5706,58.0,52,61,57,52,59.0,64.0,64,59,53,59,65,66,61.0,63,74,68.0,63,60,62,70.0,Cyber_Security,Software_Development
EG/2022/5707,62.0,49,44,42,49,38.0,39.0,54,49,46,56,55,39,68.0,52,44,53.0,54,48,48,58.0,Embedded_Systems,Cyber_Security
EG/2022/5708,83.0,85,95,86,97,82.0,92.0,98,87,93,81,90,94,98.0,98,90,94.0,87,91,93,100.0,Cyber_Security,Software_Development
EG/2022/5709,64.0,59,56,53,57,59.0,48.0,52,57,53,64,57,49,61.0,56,62,56.0,45,52,68,61.0,Cyber_Security,Software_Development
EG/2022/5710,63.0,47,62,64,64,41.0,54.0,50,66,59,54,66,55,61.0,55,58,57.0,53,63,55,59.0,Embedded_Systems,Software_Development
EG/2022/5711,50.0,60,56,55,60,68.0,72.0,67,66,60,46,54,66,62.0,60,55,52.0,67,56,66,51.0,AI_ML,Embedded_Systems
EG/2022/5712,81.0,83,82,90,82,82.0,77.0,89,82,83,79,81,87,62.0,76,66,81.0,74,71,80,75.0,Software_Development,AI_ML
EG/2022/5713,50.0,77,63,57,59,74.0,57.0,71,52,69,76,63,72,70.0,66,72,65.0,62,59,54,52.0,Embedded_Systems,Software_Development
EG/2022/5714,87.0,80,87,71,81,82.0,80.0,82,81,91,87,75,97,79.0,80,83,89.0,75,93,73,77.0,Embedded_Systems,Software_Development
EG/2022/5715,66.0,62,47,68,61,45.0,51.0,67,76,73,65,65,69,55.0,55,55,59.0,51,67,57,63.0,Embedded_Systems,Software_Development
EG/2022/5716,67.0,59,68,55,73,74.0,81.0,95,74,71,72,67,66,69.0,73,73,69.0,66,80,74,71.0,AI_ML,Cyber_Security
EG/2022/5717,59.0,41,70,57,60,67.0,53.0,59,61,54,57,47,59,55.0,58,59,56.0,70,67,64,56.0,Embedded_Systems,AI_ML
EG/2022/5718,100.0,100,88,100,93,100.0,97.0,85,96,98,83,90,91,89.0,100,95,87.0,98,90,83,88.0,AI_ML,Software_Development
EG/2022/5719,50.0,54,50,54,51,49.0,63.0,50,57,46,38,48,68,54.0,51,52,64.0,50,56,58,41.0,Cyber_Security,AI_ML
EG/2022/5720,64.0,80,69,64,94,72.0,68.0,76,55,67,73,79,79,68.0,58,83,80.0,79,72,71,73.0,AI_ML,Software_Development
EG/2022/5721,86.0,66,67,75,82,72.0,79.0,64,74,83,85,77,74,76.0,73,75,67.0,75,80,76,78.0,Embedded_Systems,AI_ML
EG/2022/5722,87.0,77,58,73,76,67.0,66.0,74,73,72,75,83,79,63.0,62,84,79.0,82,71,77,66.0,Software_Development,Cyber_Security
EG/2022/5723,66.0,79,64,67,64,72.0,83.0,68,75,57,70,61,57,64.0,69,70,53.0,81,66,78,62.0,AI_ML,Embedded_Systems
EG/2022/5724,74.0,69,67,71,63,58.0,73.0,77,67,56,78,73,68,59.0,55,69,73.0,74,67,69,77.0,Software_Development,Embedded_Systems
EG/2022/5725,78.0,70,68,61,68,62.0,67.0,78,57,69,71,88,62,64.0,62,68,64.0,69,72,59,77.0,Software_Development,Embedded_Systems
EG/2022/5726,61.0,66,65,78,68,59.0,61.0,72,69,74,65,69,54,67.0,64,73,69.0,71,71,65,56.0,Embedded_Systems,Cyber_Security
EG/2022/5727,76.0,69,80,81,66,69.0,79.0,64,74,87,74,86,85,68.0,90,80,66.0,80,80,86,79.0,Cyber_Security,Software_Development
EG/2022/5728,100.0,100,100,100,84,96.0,92.0,100,86,95,100,99,100,89.0,87,88,86.0,82,95,100,100.0,Software_Development,Embedded_Systems
EG/2022/5729,73.0,57,60,57,57,69.0,75.0,66,55,75,65,51,65,65.0,61,55,65.0,57,63,66,60.0,AI_ML,Cyber_Security
EG/2022/5730,56.0,55,48,61,53,50.0,43.0,53,55,51,45,56,50,42.0,56,55,47.0,45,63,48,50.0,Software_Development,Cyber_Security
EG/2022/5731,61.0,56,65,65,65,56.0,68.0,55,76,66,59,69,58,79.0,77,61,61.0,62,55,57,75.0,Embedded_Systems,Cyber_Security
EG/2022/5732,100.0,91,100,100,100,100.0,99.0,94,100,81,100,97,91,100.0,100,99,100.0,100,92,100,100.0,Cyber_Security,AI_ML
EG/2022/5733,55.0,68,68,52,48,70.0,58.0,50,63,55,51,52,52,55.0,66,66,74.0,66,63,50,65.0,Cyber_Security,Embedded_Systems
EG/2022/5734,85.0,85,83,81,82,83.0,87.0,74,91,94,100,93,86,82.0,94,90,94.0,91,90,93,86.0,Cyber_Security,Embedded_Systems
EG/2022/5735,91.0,98,89,93,99,85.0,87.0,88,89,99,69,81,96,90.0,80,83,80.0,94,90,93,93.0,AI_ML,Software_Development
EG/2022/5736,72.0,61,64,58,62,65.0,67.0,56,66,56,71,76,69,51.0,64,71,74.0,48,66,58,72.0,Software_Development,Cyber_Security
EG/2022/5737,81.0,62,68,69,81,86.0,79.0,93,58,78,78,76,63,61.0,81,79,64.0,80,76,74,74.0,AI_ML,Software_Development
EG/2022/5738,90.0,94,88,83,100,84.0,90.0,86,88,95,88,79,83,84.0,81,95,85.0,94,84,89,85.0,AI_ML,Embedded_Systems
EG/2022/5739,67.0,59,53,68,59,54.0,42.0,73,56,64,62,60,58,63.0,59,48,64.0,48,68,59,72.0,Software_Development,Cyber_Security
EG/2022/5740,66.0,70,53,61,65,70.0,68.0,55,74,50,79,64,48,66.0,60,68,79.0,71,66,56,80.0,AI_ML,Embedded_Systems
EG/2022/5741,65.0,61,64,60,59,67.0,49.0,57,60,63,66,78,65,57.0,66,67,67.0,51,58,61,76.0,Software_Development,Cyber_Security
EG/2022/5742,38.0,45,53,56,42,56.0,60.0,57,56,61,50,50,54,65.0,55,68,53.0,42,61,56,53.0,Embedded_Systems,Cyber_Security
EG/2022/5743,58.0,61,62,47,58,56.0,71.0,54,50,54,48,59,59,50.0,58,50,54.0,69,65,70,58.0,AI_ML,Cyber_Security
EG/2022/5744,55.0,69,53,43,59,60.0,47.0,50,60,52,55,50,63,45.0,44,62,60.0,46,55,48,46.0,AI_ML,Software_Development
EG/2022/5745,60.0,72,62,71,72,72.0,67.0,67,73,60,68,72,69,72.0,68,80,65.0,63,80,76,69.0,AI_ML,Cyber_Security
EG/2022/5746,61.0,58,58,54,63,53.0,55.0,57,63,41,48,55,56,51.0,55,45,60.0,66,68,51,51.0,AI_ML,Embedded_Systems
EG/2022/5747,69.0,78,62,78,68,71.0,79.0,84,65,78,70,63,75,62.0,73,74,61.0,69,78,61,67.0,AI_ML,Software_Development
EG/2022/5748,62.0,51,59,56,45,40.0,50.0,52,44,49,45,48,57,50.0,41,54,53.0,48,67,47,54.0,Software_Development,Embedded_Systems
EG/2022/5749,83.0,73,62,77,81,77.0,84.0,75,74,83,72,70,74,65.0,73,70,75.0,71,71,65,75.0,AI_ML,Software_Development
EG/2022/5750,75.0,70,77,91,75,76.0,81.0,82,73,84,83,74,83,77.0,75,75,69.0,80,75,68,65.0,Embedded_Systems,AI_ML
EG/2022/5751,43.0,46,37,43,46,41.0,46.0,48,47,42,55,40,43,39.0,35,49,51.0,42,50,58,55.0,Cyber_Security,Embedded_Systems
EG/2022/5752,72.0,80,76,77,74,72.0,73.0,72,57,72,79,81,72,66.0,63,68,76.0,73,71,69,65.0,Software_Development,AI_ML
EG/2022/5753,80.0,77,80,79,93,83.0,88.0,80,79,87,78,80,84,68.0,74,81,88.0,79,83,99,76.0,AI_ML,Cyber_Security
EG/2022/5754,55.0,63,50,71,60,60.0,41.0,55,66,60,56,46,48,54.0,52,59,51.0,56,47,47,45.0,Embedded_Systems,Software_Development
EG/2022/5755,83.0,87,94,100,79,92.0,89.0,96,91,90,89,85,84,79.0,89,100,89.0,90,92,76,83.0,Software_Development,Embedded_Systems
EG/2022/5756,65.0,67,73,73,65,72.0,73.0,81,74,81,64,73,83,72.0,75,77,73.0,86,63,82,67.0,Cyber_Security,Embedded_Systems
EG/2022/5757,64.0,67,63,62,64,65.0,65.0,58,73,57,62,50,74,56.0,62,60,59.0,57,59,54,53.0,AI_ML,Software_Development
EG/2022/5758,72.0,65,60,77,67,70.0,66.0,73,51,60,80,79,78,66.0,62,64,69.0,66,67,68,50.0,Software_Development,AI_ML
EG/2022/5759,69.0,80,65,74,72,72.0,67.0,73,69,74,75,81,65,74.0,82,68,83.0,76,72,65,76.0,Cyber_Security,Embedded_Systems
EG/2022/5760,75.0,67,70,64,76,68.0,69.0,69,66,70,58,79,59,70.0,66,77,76.0,76,57,69,71.0,AI_ML,Cyber_Security
EG/2022/5761,70.0,74,72,81,76,73.0,67.0,71,80,66,75,77,66,69.0,78,73,66.0,67,62,65,90.0,Software_Development,AI_ML
EG/2022/5762,59.0,60,61,58,57,60.0,43.0,56,63,48,48,42,58,66.0,56,65,64.0,58,52,56,60.0,Cyber_Security,Software_Development
EG/2022/5763,76.0,72,69,71,75,67.0,75.0,79,64,73,76,81,50,57.0,73,68,78.0,52,74,67,67.0,Cyber_Security,AI_ML
EG/2022/5764,51.0,37,52,45,48,48.0,55.0,52,58,48,55,45,47,49.0,50,46,50.0,49,53,53,43.0,Embedded_Systems,Cyber_Security
EG/2022/5765,70.0,59,55,55,78,80.0,70.0,68,64,66,65,61,77,73.0,69,70,70.0,74,67,71,66.0,AI_ML,Cyber_Security
EG/2022/5766,54.0,64,70,59,52,64.0,66.0,47,66,55,55,58,64,60.0,57,57,61.0,52,51,59,60.0,AI_ML,Software_Development
EG/2022/5767,58.0,58,58,66,64,54.0,55.0,57,52,70,58,69,56,52.0,65,51,53.0,60,62,62,56.0,Cyber_Security,Embedded_Systems
EG/2022/5768,81.0,79,88,81,93,87.0,73.0,81,82,92,83,90,80,77.0,77,96,80.0,79,70,82,83.0,AI_ML,Software_Development
EG/2022/5769,76.0,72,75,91,71,82.0,81.0,75,78,72,76,87,85,74.0,69,77,86.0,75,64,78,94.0,Software_Development,AI_ML
EG/2022/5770,74.0,68,77,70,73,78.0,73.0,75,83,72,66,73,82,80.0,68,82,72.0,82,74,79,73.0,Embedded_Systems,Software_Development
EG/2022/5771,44.0,41,46,48,63,56.0,49.0,52,51,61,63,53,51,50.0,62,61,62.0,48,51,54,42.0,Cyber_Security,AI_ML
EG/2022/5772,61.0,63,67,64,72,73.0,64.0,65,64,68,62,67,63,66.0,63,55,73.0,66,71,64,70.0,AI_ML,Cyber_Security
EG/2022/5773,81.0,78,80,82,81,85.0,78.0,83,86,82,84,82,79,84.0,83,76,91.0,85,84,85,85.0,Cyber_Security,Embedded_Systems
EG/2022/5774,68.0,63,70,75,65,69.0,57.0,63,74,62,72,76,60,86.0,62,68,84.0,64,81,62,58.0,Embedded_Systems,Cyber_Security
EG/2022/5775,94.0,95,100,90,100,100.0,93.0,93,100,91,98,100,94,98.0,96,90,95.0,97,92,100,99.0,AI_ML,Cyber_Security
EG/2022/5776,72.0,75,64,82,81,74.0,65.0,73,74,69,65,77,71,67.0,66,85,74.0,66,76,71,66.0,Software_Development,AI_ML
EG/2022/5777,74.0,85,66,84,62,71.0,72.0,79,67,72,59,53,61,60.0,64,69,73.0,74,69,71,73.0,Software_Development,Cyber_Security
EG/2022/5778,70.0,54,67,64,56,66.0,60.0,66,62,76,60,65,69,62.0,61,71,64.0,55,74,64,78.0,Software_Development,Embedded_Systems
EG/2022/5779,65.0,78,84,78,71,69.0,77.0,65,70,65,72,69,73,69.0,73,73,73.0,67,68,74,68.0,Cyber_Security,Software_Development
EG/2022/5780,58.0,73,65,59,71,66.0,77.0,69,68,59,61,67,71,51.0,70,68,54.0,64,72,69,74.0,AI_ML,Software_Development
EG/2022/5781,69.0,71,81,84,74,72.0,81.0,88,75,76,74,71,71,72.0,81,77,78.0,84,69,76,68.0,Cyber_Security,AI_ML
EG/2022/5782,76.0,81,79,87,84,74.0,69.0,86,80,87,94,70,66,82.0,68,88,70.0,80,77,90,69.0,Embedded_Systems,Software_Development
EG/2022/5783,56.0,55,72,65,54,52.0,69.0,62,48,48,46,62,62,55.0,59,53,52.0,65,58,36,73.0,Software_Development,AI_ML
EG/2022/5784,47.0,53,40,52,37,42.0,63.0,57,57,62,47,50,47,59.0,51,64,57.0,56,61,61,54.0,Embedded_Systems,Cyber_Security
EG/2022/5785,37.0,57,47,25,43,40.0,46.0,56,47,45,59,50,40,35.0,35,37,45.0,50,31,52,50.0,Embedded_Systems,Software_Development
EG/2022/5786,71.0,78,63,70,75,73.0,83.0,82,81,69,74,69,65,79.0,74,80,79.0,72,72,61,82.0,AI_ML,Embedded_Systems
EG/2022/5787,56.0,58,37,50,53,55.0,51.0,59,55,44,50,65,53,61.0,53,45,53.0,62,52,61,51.0,Cyber_Security,Embedded_Systems
EG/2022/5788,46.0,39,44,35,34,40.0,29.0,50,30,47,50,49,53,49.0,46,40,50.0,40,28,50,48.0,Cyber_Security,Software_Development
EG/2022/5789,69.0,62,74,74,60,56.0,67.0,65,70,71,73,75,69,62.0,73,73,71.0,61,69,77,77.0,Cyber_Security,Software_Development
EG/2022/5790,95.0,96,96,95,94,100.0,100.0,87,97,99,95,96,90,100.0,94,95,84.0,96,87,87,89.0,AI_ML,Embedded_Systems
EG/2022/5791,61.0,76,67,62,74,76.0,57.0,69,73,62,69,74,72,63.0,74,67,70.0,71,52,73,79.0,Cyber_Security,Software_Development
EG/2022/5792,78.0,67,100,71,87,81.0,78.0,79,64,76,73,81,79,68.0,63,68,63.0,67,76,85,87.0,AI_ML,Software_Development
EG/2022/5793,63.0,62,67,64,77,82.0,69.0,65,69,66,62,71,54,66.0,69,62,59.0,63,67,65,60.0,AI_ML,Embedded_Systems
EG/2022/5794,71.0,68,70,75,61,60.0,63.0,73,70,66,66,74,71,60.0,54,70,61.0,58,65,70,68.0,Software_Development,Embedded_Systems
EG/2022/5795,67.0,72,74,74,71,92.0,76.0,66,74,74,72,89,94,85.0,73,79,72.0,85,81,77,77.0,AI_ML,Embedded_Systems
EG/2022/5796,62.0,59,67,61,68,58.0,65.0,61,65,54,65,56,46,68.0,68,60,61.0,76,58,71,74.0,Cyber_Security,Embedded_Systems
EG/2022/5797,73.0,68,70,68,76,73.0,67.0,68,67,90,74,64,63,63.0,62,80,64.0,70,84,69,61.0,Embedded_Systems,AI_ML
EG/2022/5798,73.0,62,69,74,75,63.0,62.0,60,67,62,78,66,52,67.0,62,63,62.0,76,72,68,97.0,Embedded_Systems,Software_Development
EG/2022/5799,79.0,53,73,63,46,60.0,61.0,70,57,61,68,49,59,57.0,77,57,71.0,64,69,60,59.0,Cyber_Security,Embedded_Systems
EG/2022/5800,82.0,85,88,59,74,83.0,87.0,70,75,68,77,79,87,79.0,70,76,75.0,91,68,71,85.0,AI_ML,Software_Development
EG/2022/5801,59.0,57,67,73,66,65.0,72.0,62,71,52,69,70,67,73.0,77,70,50.0,61,60,65,76.0,AI_ML,Software_Development
EG/2022/5802,58.0,48,43,69,62,64.0,53.0,65,54,60,62,59,69,64.0,58,59,56.0,57,64,61,58.0,Embedded_Systems,AI_ML
EG/2022/5803,62.0,70,72,67,80,75.0,66.0,79,68,76,77,71,80,75.0,71,74,67.0,72,73,81,74.0,AI_ML,Embedded_Systems
EG/2022/5804,57.0,62,76,50,58,54.0,55.0,49,70,66,54,65,69,55.0,61,44,51.0,58,50,59,54.0,Embedded_Systems,Software_Development
EG/2022/5805,63.0,67,67,65,71,64.0,79.0,73,75,71,61,69,76,56.0,78,74,73.0,86,55,58,62.0,AI_ML,Cyber_Security
EG/2022/5806,74.0,65,76,63,68,74.0,72.0,70,55,67,71,70,65,77.0,60,66,65.0,68,73,77,70.0,AI_ML,Software_Development
EG/2022/5807,77.0,81,91,83,86,76.0,86.0,97,76,74,69,89,81,78.0,77,82,73.0,75,86,91,80.0,Software_Development,AI_ML
EG/2022/5808,73.0,61,75,60,76,80.0,80.0,77,75,84,72,73,68,85.0,80,68,77.0,66,75,74,70.0,AI_ML,Cyber_Security
EG/2022/5809,63.0,71,62,60,68,76.0,71.0,67,70,74,50,82,66,69.0,70,61,76.0,76,64,62,65.0,AI_ML,Cyber_Security
EG/2022/5810,90.0,80,61,89,76,66.0,79.0,72,67,69,68,75,78,92.0,86,88,82.0,72,70,74,82.0,Cyber_Security,Software_Development
EG/2022/5811,82.0,82,89,78,85,93.0,89.0,79,93,85,79,99,84,89.0,88,72,68.0,89,84,83,79.0,AI_ML,Embedded_Systems
EG/2022/5812,88.0,82,69,83,78,89.0,71.0,69,80,76,82,68,84,65.0,87,67,67.0,70,65,77,73.0,AI_ML,Cyber_Security
EG/2022/5813,74.0,60,69,71,70,70.0,58.0,78,71,66,73,72,66,64.0,69,78,68.0,59,63,66,74.0,Software_Development,Cyber_Security
EG/2022/5814,56.0,60,44,40,55,56.0,57.0,52,62,58,48,48,46,51.0,54,57,51.0,56,61,46,54.0,AI_ML,Embedded_Systems
EG/2022/5815,58.0,56,53,60,65,62.0,64.0,59,58,61,60,63,49,49.0,57,53,53.0,51,42,62,48.0,AI_ML,Cyber_Security
EG/2022/5816,67.0,62,65,64,66,62.0,57.0,75,67,63,71,61,69,62.0,63,73,57.0,67,69,66,64.0,Software_Development,Embedded_Systems
EG/2022/5817,47.0,61,63,57,56,62.0,66.0,44,72,59,60,63,51,51.0,67,64,51.0,64,71,53,64.0,Embedded_Systems,AI_ML
EG/2022/5818,64.0,65,58,67,72,57.0,78.0,75,73,76,56,61,64,66.0,67,67,80.0,70,71,68,73.0,Cyber_Security,AI_ML
EG/2022/5819,75.0,77,77,72,59,70.0,69.0,69,63,75,67,75,78,70.0,74,70,69.0,67,71,70,63.0,Software_Development,Cyber_Security
EG/2022/5820,74.0,67,70,79,67,78.0,69.0,77,79,75,74,70,76,67.0,81,78,79.0,79,71,69,70.0,Cyber_Security,Embedded_Systems
EG/2022/5821,57.0,62,55,75,70,71.0,68.0,61,63,56,59,79,67,81.0,70,71,67.0,61,63,76,62.0,Cyber_Security,AI_ML
EG/2022/5822,73.0,81,73,77,77,81.0,70.0,69,77,76,76,67,74,74.0,77,89,74.0,57,58,75,69.0,AI_ML,Cyber_Security
EG/2022/5823,81.0,65,69,59,60,63.0,64.0,72,72,74,71,59,62,63.0,62,67,68.0,74,69,67,72.0,Embedded_Systems,Software_Development
EG/2022/5824,53.0,51,45,41,42,41.0,47.0,61,35,25,47,51,38,33.0,40,43,36.0,45,41,44,48.0,Software_Development,AI_ML
EG/2022/5825,56.0,69,66,77,52,70.0,46.0,64,56,58,59,53,55,57.0,63,48,46.0,52,52,60,64.0,Software_Development,Cyber_Security
EG/2022/5826,73.0,63,65,71,63,65.0,56.0,75,68,63,71,66,68,64.0,76,66,69.0,56,66,66,66.0,Cyber_Security,Software_Development
EG/2022/5827,51.0,58,53,70,60,55.0,54.0,52,50,52,52,51,60,59.0,40,67,55.0,39,54,53,44.0,AI_ML,Software_Development
EG/2022/5828,63.0,67,67,85,80,75.0,75.0,71,77,69,77,66,76,74.0,71,82,82.0,76,71,83,80.0,Cyber_Security,AI_ML
EG/2022/5829,80.0,92,92,88,86,81.0,89.0,81,92,85,84,86,96,78.0,87,83,92.0,98,98,76,87.0,Embedded_Systems,Software_Development
EG/2022/5830,94.0,84,84,85,79,94.0,96.0,79,82,92,79,91,94,94.0,76,83,77.0,82,88,74,83.0,AI_ML,Software_Development
EG/2022/5831,64.0,69,62,65,56,62.0,66.0,51,67,62,75,72,71,68.0,60,56,73.0,63,72,71,56.0,Cyber_Security,Embedded_Systems
EG/2022/5832,84.0,81,73,74,96,78.0,90.0,81,96,93,72,88,94,84.0,89,79,91.0,86,85,100,85.0,Cyber_Security,AI_ML
EG/2022/5833,68.0,58,80,70,74,67.0,63.0,66,73,64,76,78,63,71.0,81,71,75.0,85,73,76,61.0,Cyber_Security,Embedded_Systems
EG/2022/5834,77.0,67,55,72,59,50.0,69.0,63,65,69,60,57,56,67.0,50,60,80.0,69,58,77,67.0,Cyber_Security,Embedded_Systems
EG/2022/5835,72.0,46,57,56,66,56.0,57.0,62,54,61,55,58,64,51.0,59,53,75.0,54,65,58,58.0,Cyber_Security,AI_ML
EG/2022/5836,80.0,62,67,67,64,58.0,65.0,67,69,67,66,67,55,65.0,68,68,69.0,65,63,60,61.0,Software_Development,Embedded_Systems
EG/2022/5837,62.0,70,55,69,61,68.0,63.0,63,66,63,53,62,61,60.0,69,63,67.0,66,56,67,53.0,Cyber_Security,AI_ML
EG/2022/5838,72.0,71,60,64,73,65.0,77.0,66,79,75,64,68,75,74.0,72,59,78.0,63,70,77,77.0,Cyber_Security,AI_ML
EG/2022/5839,59.0,84,55,67,65,76.0,61.0,56,70,52,64,62,80,65.0,82,55,66.0,75,68,61,68.0,Cyber_Security,AI_ML
EG/2022/5840,78.0,75,73,61,66,78.0,52.0,64,55,58,66,53,66,64.0,68,64,64.0,62,84,67,69.0,Software_Development,Cyber_Security
EG/2022/5841,65.0,69,69,67,74,79.0,72.0,66,61,76,68,79,69,85.0,82,62,78.0,63,76,73,68.0,Cyber_Security,AI_ML
EG/2022/5842,84.0,82,100,73,79,81.0,86.0,86,87,68,93,84,85,91.0,78,69,76.0,83,93,78,71.0,Embedded_Systems,AI_ML
EG/2022/5843,72.0,79,72,73,84,80.0,80.0,86,75,76,92,86,72,56.0,80,87,84.0,79,87,75,76.0,AI_ML,Cyber_Security
EG/2022/5844,46.0,39,44,60,63,40.0,59.0,57,53,50,36,47,49,58.0,42,49,51.0,50,50,56,48.0,AI_ML,Cyber_Security
EG/2022/5845,31.0,31,33,31,32,36.0,40.0,43,38,32,41,32,37,37.0,44,35,31.0,32,34,41,39.0,Cyber_Security,AI_ML
EG/2022/5846,75.0,75,81,80,68,73.0,75.0,78,78,74,85,79,79,74.0,78,78,79.0,75,67,85,77.0,Cyber_Security,Software_Development
EG/2022/5847,48.0,37,48,48,38,56.0,35.0,48,51,53,55,58,52,45.0,54,44,61.0,59,46,54,47.0,Cyber_Security,Embedded_Systems
EG/2022/5848,61.0,66,70,74,64,83.0,64.0,60,59,72,61,64,59,59.0,63,68,66.0,68,70,59,55.0,AI_ML,Embedded_Systems
EG/2022/5849,60.0,52,47,63,49,57.0,61.0,43,54,47,52,60,49,49.0,58,53,55.0,47,52,57,54.0,Cyber_Security,AI_ML
EG/2022/5850,39.0,35,37,52,48,32.0,44.0,53,42,42,41,39,41,38.0,49,41,49.0,33,49,40,41.0,Cyber_Security,Software_Development
EG/2022/5851,76.0,77,62,77,75,72.0,75.0,73,72,69,72,73,63,65.0,68,70,78.0,68,60,72,84.0,AI_ML,Software_Development
EG/2022/5852,86.0,82,62,75,66,78.0,80.0,68,75,60,69,77,80,70.0,71,69,75.0,78,80,70,78.0,Software_Development,AI_ML
EG/2022/5853,57.0,63,57,53,48,62.0,54.0,55,59,62,60,70,67,63.0,61,58,64.0,57,69,57,65.0,Embedded_Systems,Cyber_Security
EG/2022/5854,32.0,35,35,51,39,32.0,41.0,31,43,43,26,38,42,37.0,42,35,30.0,32,25,38,35.0,AI_ML,Software_Development
EG/2022/5855,60.0,66,57,56,62,63.0,73.0,62,61,69,60,74,60,65.0,74,58,56.0,57,64,58,63.0,AI_ML,Cyber_Security
EG/2022/5856,81.0,77,81,77,70,64.0,71.0,80,80,67,64,63,67,72.0,75,73,68.0,72,82,67,66.0,Software_Development,Embedded_Systems
EG/2022/5857,52.0,52,59,58,39,44.0,42.0,48,61,41,52,51,55,41.0,57,50,54.0,56,62,58,42.0,Cyber_Security,Embedded_Systems
EG/2022/5858,66.0,64,68,66,74,75.0,70.0,54,76,70,65,71,75,74.0,59,72,71.0,70,67,69,70.0,AI_ML,Embedded_Systems
EG/2022/5859,71.0,70,55,75,77,61.0,52.0,66,72,74,70,72,69,61.0,82,74,67.0,68,73,64,72.0,Cyber_Security,Embedded_Systems
EG/2022/5860,67.0,83,71,80,77,79.0,77.0,74,77,76,83,69,87,79.0,79,79,80.0,73,85,67,61.0,Embedded_Systems,AI_ML
EG/2022/5861,74.0,65,65,82,64,60.0,73.0,68,75,71,81,81,69,61.0,69,76,72.0,66,72,56,66.0,Software_Development,Embedded_Systems
EG/2022/5862,59.0,71,52,53,57,69.0,68.0,52,57,64,39,56,55,52.0,55,50,54.0,63,65,55,69.0,AI_ML,Software_Development
EG/2022/5863,80.0,79,77,73,73,77.0,81.0,84,89,77,77,75,80,80.0,75,79,75.0,88,82,73,86.0,Embedded_Systems,Software_Development
EG/2022/5864,60.0,66,62,63,74,65.0,69.0,67,70,65,64,66,55,71.0,60,71,60.0,80,69,71,77.0,Embedded_Systems,AI_ML
EG/2022/5865,61.0,63,65,69,68,70.0,62.0,67,65,79,71,65,72,69.0,81,72,57.0,72,63,68,63.0,Embedded_Systems,Cyber_Security
EG/2022/5866,61.0,58,52,57,44,53.0,54.0,60,63,55,45,76,56,57.0,50,52,58.0,53,56,68,54.0,Cyber_Security,Software_Development
EG/2022/5867,71.0,50,64,60,61,64.0,52.0,60,63,54,56,70,66,76.0,56,67,57.0,56,66,64,69.0,Software_Development,Embedded_Systems
EG/2022/5868,53.0,54,60,44,61,61.0,56.0,54,57,53,58,58,70,45.0,52,51,54.0,64,53,52,62.0,AI_ML,Software_Development
EG/2022/5869,,58,60,69,64,73.0,64.0,76,63,59,67,65,63,59.0,58,69,65.0,60,64,53,65.0,AI_ML,Software_Development
EG/2022/5870,74.0,89,97,100,87,94.0,91.0,92,90,91,91,95,72,81.0,89,88,96.0,94,94,94,80.0,Cyber_Security,AI_ML
EG/2022/5871,47.0,58,45,55,43,50.0,47.0,57,59,45,55,59,55,39.0,59,42,58.0,46,66,42,60.0,Software_Development,Cyber_Security
EG/2022/5872,48.0,53,37,53,53,48.0,49.0,57,55,51,51,28,50,44.0,44,46,48.0,51,34,46,66.0,AI_ML,Software_Development
EG/2022/5873,79.0,69,88,90,81,100.0,83.0,89,88,81,87,90,81,90.0,76,100,95.0,78,99,97,75.0,Cyber_Security,AI_ML
EG/2022/5874,59.0,80,60,68,50,72.0,63.0,72,70,51,66,66,68,61.0,68,67,51.0,71,64,70,75.0,Software_Development,Embedded_Systems
EG/2022/5875,55.0,62,62,66,57,54.0,61.0,49,69,62,65,51,65,58.0,60,76,73.0,51,67,63,57.0,Cyber_Security,Embedded_Systems
EG/2022/5876,83.0,75,64,83,87,81.0,81.0,82,79,82,65,87,74,68.0,87,70,85.0,82,89,87,78.0,Cyber_Security,AI_ML
EG/2022/5877,59.0,62,70,59,58,58.0,66.0,59,53,64,72,76,59,55.0,58,66,61.0,59,72,67,63.0,Software_Development,Embedded_Systems
EG/2022/5878,74.0,91,95,84,100,89.0,89.0,100,99,85,74,94,100,87.0,88,72,84.0,91,85,100,81.0,AI_ML,Cyber_Security
EG/2022/5879,61.0,71,66,74,79,68.0,74.0,83,72,71,69,84,71,81.0,75,76,73.0,73,75,72,76.0,AI_ML,Software_Development
EG/2022/5880,58.0,64,52,64,65,59.0,61.0,58,57,65,61,75,63,50.0,63,67,66.0,59,62,60,51.0,Cyber_Security,AI_ML
EG/2022/5881,97.0,90,100,92,93,100.0,89.0,96,81,100,99,88,76,91.0,91,100,98.0,95,91,87,97.0,AI_ML,Software_Development
EG/2022/5882,41.0,58,56,63,60,65.0,58.0,62,65,61,40,48,50,68.0,57,55,65.0,54,70,61,76.0,AI_ML,Cyber_Security
EG/2022/5883,73.0,72,71,80,75,59.0,91.0,80,66,80,77,82,78,74.0,64,84,72.0,70,76,76,72.0,Software_Development,AI_ML
EG/2022/5884,68.0,62,56,77,69,80.0,65.0,64,66,69,77,70,80,57.0,68,68,65.0,69,60,59,70.0,AI_ML,Software_Development
EG/2022/5885,93.0,85,81,93,87,91.0,82.0,86,88,73,91,74,74,93.0,89,82,85.0,81,79,79,83.0,AI_ML,Cyber_Security
EG/2022/5886,84.0,91,85,87,80,84.0,84.0,85,92,94,82,86,87,92.0,93,84,92.0,80,76,97,94.0,Cyber_Security,Software_Development
EG/2022/5887,71.0,72,73,59,61,73.0,67.0,70,64,75,66,73,66,74.0,65,60,68.0,75,67,70,71.0,Embedded_Systems,Software_Development
EG/2022/5888,60.0,65,49,57,51,53.0,57.0,54,58,64,55,58,66,47.0,68,70,69.0,57,64,64,65.0,Cyber_Security,Software_Development
EG/2022/5889,59.0,76,63,74,88,70.0,75.0,69,67,72,71,68,65,84.0,73,74,74.0,72,69,73,70.0,AI_ML,Cyber_Security
EG/2022/5890,65.0,56,63,47,64,70.0,48.0,68,56,64,53,58,63,54.0,51,67,60.0,51,57,47,63.0,Software_Development,AI_ML
EG/2022/5891,94.0,98,99,100,94,90.0,99.0,85,94,98,86,92,88,89.0,81,99,97.0,100,90,91,69.0,AI_ML,Embedded_Systems
EG/2022/5892,73.0,60,59,71,62,57.0,74.0,63,66,81,73,56,71,65.0,78,63,78.0,87,71,77,74.0,Cyber_Security,Embedded_Systems
EG/2022/5893,91.0,57,71,66,68,63.0,55.0,63,62,71,65,63,64,70.0,61,72,54.0,58,67,55,55.0,Software_Development,Embedded_Systems
EG/2022/5894,56.0,63,70,80,69,70.0,54.0,65,60,71,74,61,68,69.0,62,74,62.0,79,76,75,68.0,Embedded_Systems,Software_Development
EG/2022/5895,64.0,59,59,47,53,60.0,45.0,46,60,43,53,56,55,55.0,36,45,50.0,51,68,40,57.0,Embedded_Systems,Software_Development
EG/2022/5896,54.0,63,56,60,50,56.0,55.0,57,60,57,61,45,57,57.0,54,59,78.0,68,57,56,46.0,Cyber_Security,Embedded_Systems
EG/2022/5897,84.0,86,65,82,84,79.0,100.0,72,88,84,89,89,81,82.0,85,75,81.0,85,88,86,90.0,AI_ML,Embedded_Systems
EG/2022/5898,60.0,68,59,59,57,67.0,64.0,53,69,65,48,57,58,53.0,55,71,59.0,61,49,58,59.0,AI_ML,Software_Development
EG/2022/5899,52.0,49,63,50,50,56.0,43.0,70,50,65,49,52,56,68.0,48,61,60.0,38,53,73,66.0,Cyber_Security,Software_Development
EG/2022/5900,70.0,77,68,86,80,69.0,70.0,78,72,74,73,77,76,64.0,71,74,81.0,68,73,71,68.0,Software_Development,Cyber_Security
EG/2022/5901,85.0,81,80,80,71,90.0,82.0,77,69,97,82,76,75,85.0,91,91,83.0,82,75,78,70.0,Cyber_Security,Embedded_Systems
EG/2022/5902,66.0,83,75,82,81,78.0,78.0,80,99,64,72,79,74,79.0,67,66,85.0,78,73,78,76.0,AI_ML,Embedded_Systems
EG/2022/5903,85.0,79,60,67,85,80.0,71.0,84,79,83,86,75,73,88.0,75,75,72.0,71,79,75,84.0,Embedded_Systems,AI_ML
EG/2022/5904,56.0,56,71,67,53,60.0,58.0,66,66,53,73,55,59,69.0,67,57,54.0,54,55,49,64.0,Embedded_Systems,Software_Development
EG/2022/5905,43.0,55,45,58,45,43.0,46.0,50,42,38,52,54,47,50.0,54,67,59.0,55,69,43,43.0,Cyber_Security,Software_Development
EG/2022/5906,83.0,92,90,87,84,82.0,78.0,93,93,85,87,78,91,90.0,87,79,86.0,76,90,91,75.0,Cyber_Security,Embedded_Systems
EG/2022/5907,73.0,59,64,63,66,64.0,66.0,50,77,54,70,55,69,76.0,60,52,55.0,65,78,62,62.0,Embedded_Systems,AI_ML
EG/2022/5908,61.0,65,74,68,64,64.0,70.0,58,65,64,52,67,59,65.0,65,55,56.0,74,75,77,69.0,AI_ML,Cyber_Security
EG/2022/5909,86.0,77,87,100,87,93.0,90.0,85,77,84,84,84,84,76.0,80,90,78.0,87,79,81,87.0,AI_ML,Software_Development
EG/2022/5910,70.0,57,73,62,87,76.0,79.0,77,74,83,82,76,79,72.0,69,71,75.0,77,75,80,86.0,AI_ML,Embedded_Systems
EG/2022/5911,79.0,75,67,79,70,79.0,70.0,67,58,63,69,76,72,64.0,66,72,77.0,59,70,77,71.0,Cyber_Security,Software_Development
EG/2022/5912,99.0,98,100,88,82,94.0,99.0,96,94,100,85,94,89,97.0,99,99,92.0,88,93,91,81.0,Cyber_Security,Software_Development
EG/2022/5913,73.0,62,47,60,66,68.0,62.0,56,66,61,59,65,53,68.0,60,59,63.0,75,53,54,69.0,AI_ML,Embedded_Systems
EG/2022/5914,78.0,65,84,77,91,82.0,80.0,77,79,86,79,80,85,78.0,81,81,76.0,75,76,67,81.0,AI_ML,Embedded_Systems
EG/2022/5915,73.0,66,61,66,71,69.0,64.0,76,67,66,62,55,75,57.0,70,72,77.0,78,71,73,71.0,Cyber_Security,Software_Development
EG/2022/5916,72.0,56,80,71,64,71.0,68.0,78,75,62,86,59,70,78.0,74,68,89.0,67,74,80,77.0,Cyber_Security,Embedded_Systems
EG/2022/5917,95.0,96,87,78,85,80.0,87.0,79,91,78,83,100,92,74.0,85,85,84.0,84,88,75,95.0,Software_Development,AI_ML
EG/2022/5918,69.0,66,79,81,66,78.0,91.0,67,62,65,66,74,53,63.0,71,76,77.0,78,74,72,74.0,AI_ML,Cyber_Security
EG/2022/5919,80.0,83,75,62,79,74.0,77.0,72,75,78,74,81,84,73.0,69,81,77.0,75,80,70,83.0,Software_Development,AI_ML
EG/2022/5920,80.0,87,69,85,71,77.0,77.0,81,98,91,87,78,80,83.0,71,75,82.0,84,79,85,85.0,Embedded_Systems,Software_Development
EG/2022/5921,63.0,57,58,61,62,71.0,58.0,59,54,60,64,63,65,67.0,56,42,68.0,58,73,61,59.0,AI_ML,Embedded_Systems
EG/2022/5922,59.0,50,63,50,51,49.0,54.0,65,57,62,61,55,56,57.0,55,63,61.0,50,45,67,56.0,Cyber_Security,Software_Development
EG/2022/5923,57.0,58,57,57,56,53.0,71.0,58,69,45,49,73,65,68.0,44,62,52.0,49,60,53,60.0,Software_Development,AI_ML
EG/2022/5924,44.0,38,53,34,42,52.0,42.0,47,52,46,55,46,37,45.0,35,46,54.0,41,48,36,39.0,Embedded_Systems,AI_ML
EG/2022/5925,94.0,93,95,93,94,95.0,99.0,84,89,97,97,89,100,100.0,100,95,94.0,91,88,89,99.0,AI_ML,Cyber_Security
EG/2022/5926,66.0,51,48,45,55,54.0,52.0,63,56,45,62,43,58,60.0,56,51,52.0,62,52,52,56.0,Embedded_Systems,AI_ML
EG/2022/5927,72.0,53,60,69,58,67.0,67.0,46,65,64,68,79,70,56.0,62,69,82.0,66,69,69,68.0,Cyber_Security,Software_Development
EG/2022/5928,71.0,49,65,58,69,66.0,70.0,71,59,70,70,64,62,63.0,81,71,64.0,68,71,62,75.0,Cyber_Security,AI_ML
EG/2022/5929,69.0,73,55,69,71,61.0,68.0,78,71,51,66,77,63,87.0,60,72,73.0,73,59,75,74.0,Software_Development,Cyber_Security
EG/2022/5930,72.0,74,90,80,71,75.0,73.0,75,76,87,74,84,84,74.0,85,95,79.0,70,82,72,78.0,Software_Development,Cyber_Security
EG/2022/5931,85.0,74,81,73,94,90.0,90.0,87,79,81,88,75,81,74.0,78,67,77.0,78,75,76,78.0,AI_ML,Embedded_Systems
EG/2022/5932,67.0,66,70,61,64,56.0,68.0,61,56,66,72,66,71,62.0,66,62,64.0,62,69,56,60.0,Software_Development,Embedded_Systems
EG/2022/5933,76.0,74,55,55,65,64.0,72.0,66,57,63,58,62,65,63.0,67,58,60.0,71,53,60,68.0,AI_ML,Software_Development
EG/2022/5934,67.0,69,80,76,81,68.0,77.0,74,71,59,73,64,68,66.0,58,78,76.0,64,89,80,81.0,AI_ML,Software_Development
EG/2022/5935,63.0,63,81,77,78,64.0,68.0,87,77,69,62,73,75,62.0,66,54,53.0,51,59,60,61.0,Software_Development,AI_ML
EG/2022/5936,76.0,91,78,100,86,83.0,100.0,97,88,87,82,86,100,97.0,90,78,78.0,89,97,85,82.0,Embedded_Systems,AI_ML
EG/2022/5937,71.0,64,79,75,76,77.0,74.0,79,72,74,76,78,74,73.0,59,69,87.0,76,73,81,83.0,AI_ML,Cyber_Security
EG/2022/5938,84.0,78,77,82,70,78.0,81.0,70,82,84,85,80,72,68.0,90,79,68.0,76,71,82,73.0,Cyber_Security,Embedded_Systems
EG/2022/5939,73.0,80,65,63,75,81.0,66.0,77,75,81,79,80,82,65.0,78,72,62.0,76,78,87,77.0,Cyber_Security,Embedded_Systems
EG/2022/5940,87.0,87,86,93,81,75.0,76.0,76,95,96,80,71,80,98.0,87,78,73.0,88,89,85,78.0,Embedded_Systems,Software_Development
EG/2022/5941,69.0,57,76,76,71,68.0,62.0,76,70,71,74,66,74,69.0,62,69,82.0,67,59,66,58.0,Cyber_Security,Software_Development
EG/2022/5942,55.0,47,48,49,55,51.0,61.0,53,57,48,50,50,51,55.0,57,51,40.0,50,57,67,54.0,AI_ML,Cyber_Security
EG/2022/5943,65.0,67,81,81,77,76.0,55.0,65,68,71,76,67,84,67.0,80,83,66.0,73,73,77,81.0,Software_Development,Cyber_Security
EG/2022/5944,61.0,61,49,58,62,55.0,57.0,61,64,63,70,63,55,62.0,62,65,50.0,52,64,59,60.0,Embedded_Systems,Software_Development
EG/2022/5945,41.0,65,51,58,53,68.0,41.0,56,64,69,47,70,65,72.0,62,59,60.0,61,62,62,51.0,Embedded_Systems,Cyber_Security
EG/2022/5946,74.0,86,76,78,68,83.0,69.0,76,75,65,81,84,72,70.0,69,90,72.0,75,71,76,76.0,Software_Development,AI_ML
EG/2022/5947,71.0,79,83,75,79,76.0,79.0,77,79,83,72,80,81,86.0,81,86,79.0,94,75,81,78.0,Embedded_Systems,Cyber_Security
EG/2022/5948,77.0,65,63,75,66,65.0,78.0,68,64,80,77,70,65,58.0,65,61,81.0,66,73,59,50.0,AI_ML,Embedded_Systems
EG/2022/5949,77.0,80,77,64,79,68.0,74.0,77,74,70,67,75,77,86.0,76,74,63.0,73,76,83,71.0,Software_Development,Embedded_Systems
EG/2022/5950,92.0,91,92,81,80,100.0,83.0,88,93,95,80,93,95,90.0,82,92,88.0,95,93,88,92.0,Embedded_Systems,Software_Development
EG/2022/5951,82.0,80,77,65,68,68.0,78.0,68,70,74,76,65,75,68.0,75,66,73.0,65,74,72,79.0,Cyber_Security,Software_Development
EG/2022/5952,93.0,100,98,100,100,100.0,99.0,100,100,100,100,100,98,97.0,93,92,92.0,100,100,100,100.0,AI_ML,Embedded_Systems
EG/2022/5953,87.0,67,79,70,73,66.0,75.0,80,75,69,68,81,76,71.0,73,75,78.0,87,85,70,79.0,Software_Development,Embedded_Systems
EG/2022/5954,53.0,38,44,37,50,40.0,38.0,39,48,41,38,54,53,44.0,51,44,44.0,47,34,51,53.0,Cyber_Security,Software_Development
EG/2022/5955,75.0,66,91,73,76,72.0,70.0,79,76,77,76,85,84,60.0,72,87,80.0,73,61,71,68.0,Software_Development,Cyber_Security
EG/2022/5956,81.0,77,67,72,74,67.0,67.0,82,73,62,64,76,54,72.0,77,78,72.0,84,85,75,84.0,Cyber_Security,Software_Development
EG/2022/5957,76.0,92,98,75,82,82.0,84.0,87,100,82,76,76,82,82.0,87,79,69.0,89,74,85,92.0,Software_Development,Embedded_Systems
EG/2022/5958,70.0,89,76,68,81,71.0,77.0,76,78,78,77,75,75,79.0,74,79,85.0,77,68,82,74.0,Cyber_Security,AI_ML
EG/2022/5959,62.0,72,57,81,56,61.0,77.0,71,71,79,60,55,71,63.0,74,75,81.0,76,64,75,71.0,Cyber_Security,Embedded_Systems
EG/2022/5960,50.0,61,63,47,51,61.0,56.0,56,56,56,56,56,53,48.0,54,44,52.0,63,42,49,57.0,AI_ML,Software_Development
EG/2022/5961,58.0,61,66,63,68,74.0,47.0,71,64,70,76,64,71,65.0,73,58,59.0,63,63,75,76.0,Cyber_Security,Embedded_Systems
EG/2022/5962,66.0,50,64,55,62,64.0,60.0,44,67,66,57,58,50,47.0,70,58,68.0,60,51,68,57.0,Cyber_Security,AI_ML
EG/2022/5963,59.0,67,70,58,71,65.0,51.0,50,59,54,62,69,63,62.0,59,61,74.0,65,59,59,56.0,Cyber_Security,AI_ML
EG/2022/5964,78.0,78,77,79,72,76.0,68.0,82,82,74,89,72,81,62.0,80,75,74.0,75,77,75,72.0,Software_Development,Embedded_Systems
EG/2022/5965,84.0,89,84,95,98,85.0,82.0,78,86,100,80,86,78,96.0,84,86,87.0,78,86,85,94.0,AI_ML,Embedded_Systems
EG/2022/5966,60.0,75,80,71,68,66.0,68.0,76,66,72,81,73,90,78.0,66,70,72.0,66,70,71,59.0,Software_Development,Embedded_Systems
EG/2022/5967,56.0,56,54,45,63,56.0,44.0,51,56,61,61,41,62,47.0,52,56,42.0,44,55,45,33.0,AI_ML,Embedded_Systems
EG/2022/5968,60.0,82,78,82,79,65.0,75.0,66,66,80,79,71,73,78.0,64,81,71.0,77,81,79,80.0,Embedded_Systems,Software_Development
EG/2022/5969,82.0,91,67,82,76,75.0,72.0,85,86,72,91,65,77,83.0,76,79,94.0,74,94,68,84.0,Embedded_Systems,Cyber_Security
EG/2022/5970,51.0,64,64,73,63,69.0,63.0,62,52,63,63,57,59,54.0,65,78,60.0,62,59,56,61.0,AI_ML,Software_Development
EG/2022/5971,80.0,72,62,51,66,80.0,82.0,81,64,67,62,72,67,52.0,63,80,59.0,79,79,66,57.0,AI_ML,Software_Development
EG/2022/5972,75.0,72,80,70,73,71.0,59.0,64,58,70,76,71,71,70.0,73,77,72.0,78,74,77,56.0,Cyber_Security,Embedded_Systems
EG/2022/5973,59.0,55,63,72,57,66.0,57.0,69,78,53,67,54,69,53.0,61,63,54.0,46,50,55,54.0,Software_Development,AI_ML
EG/2022/5974,85.0,81,77,73,74,74.0,58.0,78,64,68,84,76,72,83.0,89,90,75.0,67,67,79,78.0,Cyber_Security,Software_Development
EG/2022/5975,61.0,57,70,65,76,57.0,64.0,62,67,63,67,59,70,67.0,70,65,58.0,61,63,66,62.0,AI_ML,Cyber_Security
EG/2022/5976,77.0,80,66,75,72,77.0,78.0,79,81,72,68,73,64,68.0,81,67,66.0,65,83,80,79.0,AI_ML,Cyber_Security
EG/2022/5977,59.0,49,69,53,63,61.0,62.0,61,65,66,59,78,54,70.0,60,54,63.0,46,54,60,51.0,AI_ML,Cyber_Security
EG/2022/5978,65.0,65,77,61,61,63.0,63.0,63,69,75,69,76,65,67.0,65,56,64.0,63,50,69,59.0,Cyber_Security,Embedded_Systems
EG/2022/5979,86.0,71,79,74,88,75.0,83.0,79,74,86,84,77,82,51.0,85,78,71.0,82,75,73,82.0,AI_ML,Software_Development
EG/2022/5980,69.0,67,75,59,59,70.0,81.0,59,73,70,61,65,58,60.0,68,66,64.0,70,50,56,61.0,AI_ML,Software_Development
EG/2022/5981,91.0,88,85,97,84,82.0,100.0,83,95,82,91,82,86,79.0,90,90,84.0,85,81,91,86.0,AI_ML,Cyber_Security
EG/2022/5982,52.0,52,58,66,74,58.0,60.0,69,65,60,54,58,73,58.0,65,63,58.0,61,59,60,59.0,AI_ML,Software_Development
EG/2022/5983,64.0,74,71,72,68,64.0,61.0,69,72,72,78,73,79,70.0,74,72,79.0,73,72,71,65.0,Cyber_Security,Embedded_Systems
EG/2022/5984,78.0,75,82,85,90,80.0,76.0,79,77,75,74,76,81,82.0,74,91,85.0,78,86,81,82.0,AI_ML,Software_Development
EG/2022/5985,52.0,57,48,49,57,43.0,44.0,53,45,55,56,57,35,53.0,46,55,51.0,57,56,60,54.0,Embedded_Systems,Cyber_Security
EG/2022/5986,39.0,47,51,41,46,42.0,50.0,49,56,52,39,58,64,54.0,57,53,48.0,50,39,52,48.0,Cyber_Security,Software_Development
EG/2022/5987,67.0,52,52,45,37,45.0,41.0,40,59,53,57,52,50,54.0,63,51,50.0,47,47,45,45.0,Embedded_Systems,Cyber_Security
EG/2022/5988,94.0,76,76,83,83,81.0,83.0,92,77,90,85,84,81,87.0,77,72,87.0,70,84,75,82.0,AI_ML,Software_Development
EG/2022/5989,66.0,57,65,54,62,51.0,67.0,62,60,55,56,50,58,63.0,57,49,56.0,72,60,73,73.0,Cyber_Security,Embedded_Systems
EG/2022/5990,99.0,95,100,95,100,99.0,98.0,97,98,100,100,100,100,100.0,100,100,100.0,94,97,88,89.0,AI_ML,Embedded_Systems
EG/2022/5991,60.0,67,62,58,72,70.0,55.0,64,61,56,57,53,64,59.0,65,58,64.0,64,49,58,74.0,AI_ML,Cyber_Security
EG/2022/5992,64.0,82,78,85,65,71.0,78.0,72,71,64,75,67,77,68.0,75,66,68.0,57,62,75,71.0,Software_Development,Cyber_Security
EG/2022/5993,87.0,81,78,67,92,97.0,73.0,92,93,90,85,93,80,73.0,93,88,83.0,86,84,98,85.0,Cyber_Security,AI_ML
EG/2022/5994,94.0,100,95,91,97,100.0,90.0,96,87,100,80,99,90,99.0,90,96,98.0,93,70,91,99.0,AI_ML,Software_Development
EG/2022/5995,84.0,78,85,100,100,98.0,92.0,98,87,96,86,89,100,92.0,95,97,92.0,94,97,93,78.0,AI_ML,Cyber_Security
EG/2022/5996,85.0,74,75,83,86,83.0,83.0,92,91,83,79,80,84,100.0,84,95,78.0,100,73,76,92.0,Embedded_Systems,Software_Development
EG/2022/5997,79.0,74,76,86,67,80.0,82.0,86,77,82,90,75,79,77.0,74,91,78.0,76,85,81,93.0,Software_Development,Embedded_Systems
EG/2022/5998,62.0,66,69,76,74,80.0,79.0,74,66,76,81,67,69,76.0,77,69,80.0,81,79,67,83.0,AI_ML,Embedded_Systems
EG/2022/5999,71.0,66,74,73,69,75.0,77.0,69,74,69,89,73,81,81.0,86,84,66.0,81,74,72,63.0,Embedded_Systems,Cyber_Security
